집계일자,시군명,구분명,전화번호안내,소재지우편번호,소재지도로명주소,소재지지번주소,WGS84위도,WGS84경도
2023-03-08,안성시,안성시청,031-678-2114,17586,경기도 안성시 시청길 25,경기도 안성시 봉산동 31-3번지,37.0073565913,127.2803132010
2023-03-08,안성시,고삼면,031-678-3980,17505,경기도 안성시 고삼면 고삼호수로 21,경기도 안성시 고삼면 가유리 287-11번지,37.0826930881,127.2634555485
2023-03-08,안성시,공도읍,031-678-3610,17560,경기도 안성시 공도4로 8,경기도 안성시 공도읍 만정리 793-1번지,37.0010143881,127.1725148540
2023-03-08,안성시,보개면,031-678-3680,17509,경기도 안성시 보개면 보개원삼로 220,경기도 안성시 보개면 불현리 42-1번지,37.0230156078,127.2908584099
2023-03-08,안성시,금광면,031-678-3710,17536,경기도 안성시 금광면 금광오산로 228,경기도 안성시 금광면 내우리 20-9번지,36.9972333559,127.3175306904
2023-03-08,안성시,서운면,031-678-3740,17607,경기도 안성시 서운면 서운중앙길 23,경기도 안성시 서운면 인리 107-4번지,36.9433047732,127.2595521286
2023-03-08,안성시,미양면,031-678-3770,17601,경기도 안성시 미양면 양지길 29,경기도 안성시 미양면 양지리 190번지,36.9752522325,127.2148362666
2023-03-08,안성시,대덕면,031-678-3800,17545,경기도 안성시 대덕면 중앙로 82,경기도 안성시 대덕면 건지리 425-1번지,37.0124266864,127.2378759081
2023-03-08,안성시,양성면,031-678-3830,17502,경기도 안성시 양성면 읍내길 21,경기도 안성시 양성면 동항리 324번지,37.0598825532,127.1944763279
2023-03-08,안성시,원곡면,031-678-3860,17556,경기도 안성시 가천중앙1길 46,경기도 안성시 외가천리 273-1번지,37.0394241660,127.1294738168
2023-03-08,안성시,일죽면,031-678-3890,17529,경기도 안성시 일죽면 금일로 433,경기도 안성시 일죽면 송천리 253-1번지,37.0905708752,127.4770340087
2023-03-08,안성시,삼죽면,031-678-3950,17514,경기도 안성시 삼죽면 삼죽로 112,경기도 안성시 삼죽면 내강리 46-2번지,37.0731906986,127.3749476221
2023-03-08,안성시,죽산면,031-678-3920,17519,경기도 안성시 죽산면 죽산초교길 61,경기도 안성시 죽산면 죽산리 348번지,37.0785587407,127.4224724114
2023-03-08,안성시,안성2동,031-678-4030,17596,경기도 안성시 도기동 강변로74번길 16,경기도 안성시 도기동 67-4번지,37.0006300624,127.2698577641
2023-03-08,안성시,안성1동,031-678-4010,17592,경기도 안성시 영동 낙원길 95,경기도 안성시 영동 410-1번지,37.0056775898,127.2742710258
2023-03-08,안성시,안성3동,031-678-4050,17572,경기도 안성시 당왕동 고수2로 11,경기도 안성시 당왕동 534-7번지,37.0142267321,127.2577551287
2023-02-15,안산시,호수동,031-481-6611,15473,경기도 안산시 단원구 광덕2로 125 (고잔동),경기도 안산시 단원구 고잔동 712-2번지,37.310248,126.824335
2023-02-15,안산시,단원구청,031-481-6000,15396,경기도 안산시 단원구 중앙대로 685 (초지동),경기도 안산시 단원구 초지동 666-2번지,37.320905,126.815245
2023-02-15,안산시,부곡동,031-481-5607,15306,경기도 안산시 상록구 성호로 326 (부곡동),경기도 안산시 상록구 부곡동 671-4번지,37.331777,126.860917
2023-02-15,안산시,고잔1동,031-481-6602,15333,경기도 안산시 단원구 화정천동로 252 (고잔동),경기도 안산시 단원구 고잔동 659-6번지,37.327035,126.819131
2023-02-15,안산시,본오3동,031-481-5606,15537,경기도 안산시 상록구 용신로 376 (본오동),경기도 안산시 상록구 본오동 873번지,37.301432,126.863783
2023-02-15,안산시,사2동,031-481-5603,15623,경기도 안산시 상록구 감골1로 52 (사동),경기도 안산시 상록구 사동 1344-5번지,37.289832,126.851853
2023-02-15,안산시,안산시청,031-481-2000,15335,경기도 안산시 단원구 화랑로 387 (고잔동),경기도 안산시 단원구 고잔동 515번지,37.321956,126.830878
2023-02-15,안산시,원곡동,031-481-6604,15377,경기도 안산시 단원구 부부로 55 (원곡동),경기도 안산시 단원구 원곡동 991-3번지,37.333274,126.791005
2023-02-15,안산시,선부1동,031-481-6608,15365,경기도 안산시 단원구 선부광장서로 47 (선부동),경기도 안산시 단원구 선부동 964-4번지,37.334253,126.804372
2023-02-15,안산시,중앙동,031-481-6603,15339,경기도 안산시 단원구 예술대학로 76 (고잔동),경기도 안산시 단원구 고잔동 672-2번지,37.323928,126.837652
2023-02-15,안산시,안산동,031-481-5611,15204,경기도 안산시 상록구 장하로 315 (수암동),경기도 안산시 상록구 수암동 506번지,37.361879,126.873353
2023-02-15,안산시,반월동,031-481-5610,15521,경기도 안산시 상록구 건건로 51 (건건동),경기도 안산시 상록구 건건동 641-2번지,37.306061,126.902202
2023-02-15,안산시,월피동,031-481-5608,15277,경기도 안산시 상록구 시낭북로 4 (부곡동),경기도 안산시 상록구 부곡동 738번지,37.333563,126.856553
2023-02-15,안산시,본오2동,031-481-5605,15543,경기도 안산시 상록구 각골로 75 (본오동),경기도 안산시 상록구 본오동 796-4번지,37.296207,126.872397
2023-02-15,안산시,사1동,031-481-5602,15582,경기도 안산시 상록구 석호로 171 (사동),경기도 안산시 상록구 사동 1304번지,37.297115,126.851033
2023-02-15,안산시,신길동,031-481-6613,15403,경기도 안산시 단원구 삼일로 42-7(신길동),경기도 안산시 단원구 신길동 1694번지,37.334582,126.783191
2023-02-15,안산시,사3동,031-481-5613,15595,경기도 안산시 상록구 해양로 8 (사동),경기도 안산시 상록구 사동 1511-1번지,37.294709,126.820045
2023-02-15,안산시,이동,031-481-5612,15513,경기도 안산시 상록구 이동로 46 (이동),경기도 안산시 상록구 이동 578-12번지,37.305465,126.860839
2023-02-15,안산시,초지동,031-481-6607,15445,경기도 안산시 단원구 초지동로 67 (초지동),경기도 안산시 단원구 초지동 728-1번지,37.309933,126.816819
2023-02-15,안산시,대부동,031-481-6591,15645,경기도 안산시 단원구 대부중앙로 97-9 (대부북동),경기도 안산시 단원구 대부북동 467번지,37.243477,126.585215
2023-02-15,안산시,일동,031-481-5601,15327,경기도 안산시 상록구 성호로 53 (일동),경기도 안산시 상록구 일동 706-3번지,37.310403,126.866199
2023-02-15,안산시,성포동,031-481-5609,15294,경기도 안산시 상록구 충장로 468 (성포동),경기도 안산시 상록구 성포동 585번지,37.320726,126.849486
2023-02-15,안산시,선부2동,031-481-6609,15230,경기도 안산시 단원구 지곡로 46 (선부동),경기도 안산시 단원구 선부동 997-2번지,37.338544,126.802745
2023-02-15,안산시,백운동,031-481-6605,15380,경기도 안산시 단원구 원선로 31 (원곡동),경기도 안산시 단원구 원곡동 821-1번지,37.328134,126.797157
2023-02-15,안산시,와동,031-481-6601,15245,경기도 안산시 단원구 선부로 273 (와동),경기도 안산시 단원구 와동 280-1번지,37.341632,126.825526
2023-02-15,안산시,본오1동,031-481-5604,15576,경기도 안산시 상록구 샘골로 16 (본오동),경기도 안산시 상록구 본오동 990번지,37.285133,126.864239
2023-02-15,안산시,상록구청,031-481-5000,15585,경기도 안산시 상록구 석호로 110 (사동),경기도 안산시 상록구 사동 1585번지,37.300692,126.846368
2023-02-15,안산시,선부3동,031-481-6710,15212,경기도 안산시 단원구 선삼로 47 (선부동),경기도 안산시 단원구 선부동 1135번지,37.345075,126.812595
2023-02-14,군포시,수리동,031-390-8507,15823,경기도 군포시 수리산로 38,경기도 군포시 산본동 1151-7번지,37.3560656,126.9210383
2023-02-14,군포시,재궁동,031-390-8505,15835,경기도 군포시 번영로550번길 25,경기도 군포시 금정동 850-4번지,37.3584406,126.9390419
2023-02-14,군포시,송부동,031-390-3689,15885,경기도 군포시 송부로74번길 3-32,경기도 군포시 도마교동 478-2,37.3162230,126.9238220
2023-02-14,군포시,궁내동,031-390-8508,15822,경기도 군포시 고산로517번길 10,경기도 군포시 산본동 1148-7번지,37.3596595,126.9218473
2023-02-14,군포시,군포1동,031-390-8500,15860,경기도 군포시 군포로 531,경기도 군포시 당동 751-15번지,37.3536106,126.9455607
2023-02-14,군포시,오금동,031-390-8506,15863,경기도 군포시 고산로 406,경기도 군포시 금정동 871-13번지,37.3510324,126.9295356
2023-02-14,군포시,대야동,031-390-8550,15886,경기도 군포시 대야2로 139,경기도 군포시 대야미동 636-7번지,37.3302814,126.9153468
2023-02-14,군포시,산본1동,031-390-8502,15805,경기도 군포시 고산로724번길 13,경기도 군포시 산본동 73-26번지,37.3733685,126.9385782
2023-02-14,군포시,군포시청,031-392-3000,15829,경기도 군포시 청백리길 6,경기도 군포시 금정동 844번지,37.3612539,126.9361499
2023-02-14,군포시,광정동,031-390-8509,15824,경기도 군포시 광정로 106,경기도 군포시 산본동 1120-2번지,37.3620853,126.9279404
2023-02-14,군포시,군포2동,031-390-8501,15875,경기도 군포시 고산로 263,경기도 군포시 당동 871-1번지,37.3463472,126.9430785
2023-02-14,군포시,산본2동,031-390-8503,15803,경기도 군포시 고산로 663,경기도 군포시 산본동 1065-1번지,37.3700207,126.9327105
2023-02-14,군포시,금정동,031-390-8504,15827,경기도 군포시 금산로 35,경기도 군포시 금정동 705-5번지,37.3654002,126.9392711
2023-02-13,광주시,도척면,031-760-4940,12815,경기도 광주시 도척면 노곡로 20,경기도 광주시 도척면 노곡리 58-14번지,37.3048153,127.3311699
2023-02-13,광주시,퇴촌면,031-760-4959,12711,경기도 광주시 퇴촌면 탑골길 6,경기도 광주시 퇴촌면 광동리 327-1번지,37.46690935,127.3071219
2023-02-13,광주시,남종면,031-760-4973,12708,경기도 광주시 남종면 분원길 9,경기도 광주시 남종면 분원리 132번지,37.49427185,127.3019843
2023-02-13,광주시,남한산성면,031-760-4984,12704,경기도 광주시 남한산성면 남한산성로 2,경기도 광주시 남한산성면 광지원리 112번지,37.46338016,127.2442802
2023-02-13,광주시,오포2동,031-760-1517,12797,경기도 광주시 양벌로 215번길 7,경기도 광주시 양벌동 371-2,37.377600,127.254500
2023-02-13,광주시,광주시청,031-760-2000,12738,경기도 광주시 행정타운로 50,경기도 광주시 송정동 570번지,37.42943296,127.255084
2023-02-13,광주시,곤지암읍,031-760-2443,12801,경기도 광주시 곤지암읍 광여로 59,경기도 광주시 곤지암읍 곤지암리 135-3번지,37.35093417,127.3523773
2023-02-13,광주시,능평동,031-760-1575,12773,경기도 광주시 창뜰아랫길 6,경기도 광주시 능평동 318-1,37.349700,127.167300
2023-02-13,광주시,쌍령동,031-760-1911,12791,경기도 광주시 경충대로 1461번길 26,경기도 광주시 쌍령동 149,37.3998726,127.2702286
2023-02-13,광주시,송정동,031-760-1938,12739,경기도 광주시 광주대로 216,경기도 광주시 송정동 302-21번지,37.42591129,127.2582033
2023-02-13,광주시,광남1동,031-760-1965,12785,경기도 광주시 고불로 73-31,경기도 광주시 태전동 261-20,37.392020,127.229680
2023-02-13,광주시,오포1동,031-760-4834,12790,경기도 광주시 오포로859번길 29(추자동),경기도 광주시 추자동 102-16번지,37.3661517,127.228625
2023-02-13,광주시,초월읍,031-760-2632,12735,경기도 광주시 초월읍 경충대로 1241,경기도 광주시 초월읍 대쌍령리 211-2번지,37.38524761,127.2879413
2023-02-13,광주시,신현동,031-760-1544,12820,경기도 광주시 신현로 109,경기도 광주시 신현동 383-7,37.35964862,127.1588488
2023-02-13,광주시,경안동,031-760-4504,12755,경기도 광주시 중앙로 125,경기도 광주시 경안동 53-2번지,37.4108575,127.2572896
2023-02-13,광주시,탄벌동,031-760-2050,12747,경기도 광주시 탄벌길 6,경기도 광주시 탄벌동 717-5번지,37.419690,127.246100
2023-02-13,광주시,광남2동,031-760-2996,12784,경기도 광주시 태봉로 45,경기도 광주시 태전동 249-2번지,37.389029,127.2298141
2023-02-13,수원시,연무동 행정복지센터,031-228-5611,16265,경기도 수원시 장안구 경수대로 757,경기도 수원시 장안구 연무동 181-1번지,37.29055825,127.021541
2023-02-13,수원시,도시안전통합센터,"031-228-2595, 1899-3300",16226,경기도 수원시 영통구 대학4로 33,경기도 수원시 영통구 이의동 1246-1번지,37.29932522,127.0481591
2023-02-13,수원시,율천동 행정복지센터,031-228-5605,16417,경기도 수원시 장안구 서부로2106번길 27,경기도 수원시 장안구 율전동 433-2번지,37.29761925,126.9714224
2023-02-13,수원시,장안구청,1899-3300,16295,경기도 수원시 장안구 송원로 101,경기도 수원시 장안구 조원동 888번지,37.30337225,127.0096118
2023-02-13,수원시,정자1동 행정복지센터,031-228-5626,16339,경기도 수원시 장안구 정자로130번길 20,경기도 수원시 장안구 정자동 840-96번지,37.30220425,126.9912947
2023-02-13,수원시,조원1동 행정복지센터,031-228-5610,16282,경기도 수원시 장안구 금당로 56,경기도 수원시 장안구 조원동 735번지,37.30178713,127.0165051
2023-02-13,수원시,파장동 행정복지센터,031-228-5604,16204,경기도 수원시 장안구 파장천로 60,경기도 수원시 장안구 파장동 381,37.31031588,126.9974241
2023-02-13,수원시,세류1동 행정복지센터,031-228-6822,16593,경기도 수원시 권선구 세류로38번길 10,경기도 수원시 권선구 세류동 223-2번지,37.26218991,127.007973
2023-02-13,수원시,세류3동 행정복지센터,031-228-6644,16576,경기도 수원시 권선구 정조로 557,경기도 수원시 권선구 세류동 476-11번지,37.25905154,127.011963
2023-02-13,수원시,평동 행정복지센터,031-228-6665,16599,경기도 수원시 권선구 평동로76번길 13,경기도 수원시 권선구 평동 35-6번지,37.25805741,126.9941629
2023-02-13,수원시,매교동 행정복지센터,031-228-7704,16465,경기도 수원시 팔달구 정조로715번길 17,경기도 수원시 팔달구 매교동 23,37.27107589,127.0162955
2023-02-13,수원시,우만1동 행정복지센터,031-228-7128,16237,경기도 수원시 팔달구 세지로 406,경기도 수원시 팔달구 우만동 506번지,37.28535274,127.0294144
2023-02-13,수원시,인계동 행정복지센터,031-228-7930,16487,경기도 수원시 팔달구 인계로 123,경기도 수원시 팔달구 인계동 468,37.26795144,127.0305716
2023-02-13,수원시,행궁동 행정복지센터,031-228-7675,16251,경기도 수원시 팔달구 신풍로23번길 40,경기도 수원시 팔달구 신풍동 100번지,37.28404999,127.0126477
2023-02-13,수원시,화서2동 행정복지센터,031-228-7773,16425,경기도 수원시 팔달구 화산로6번길 6,경기도 수원시 팔달구 화서동 689-1번지,37.28509235,126.9862995
2023-02-13,수원시,광교2동 행정복지센터,031-228-8994,16512,경기도 수원시 영통구 법조로149번길 155,경기도 수원시 영통구 하동 976번지,37.29224098,127.0701228
2023-02-13,수원시,매탄2동 행정복지센터,031-228-8629,16524,경기도 수원시 영통구 매영로39번길 21,경기도 수원시 영통구 매탄동 198-99번지,37.2701534,127.0474312
2023-02-13,수원시,영통구청,1899-3300,16545,경기도 수원시 영통구 효원로 407,경기도 수원시 영통구 매탄동 1268번지,37.2596127,127.0465469
2023-02-13,수원시,망포1동 행정복지센터,031-228-1061,16692,경기도 수원시 영통구 영통로90번길 4-16,경기도 수원시 영통구 망포동 484번지,37.23778059,127.0608267
2023-02-13,수원시,권선구보건소,031-228-6716,16626,경기도 수원시 권선구 호매실로 22-50,경기도 수원시 권선구 탑동 910번지,37.25874098,126.9711303
2023-02-13,수원시,영통구보건소,031-228-8716,16703,경기도 수원시 영통구 영통로 396,경기도 수원시 영통구 영통동 961-18번지,37.25689587,127.0697261
2023-02-13,수원시,화성사업소,031-228-4402,16260,경기도 수원시 팔달구 행궁로 18,경기도 수원시 팔달구 남창동 68-5번지,37.28086712,127.0146084
2023-02-13,수원시,박물관사업소,031-228-4150,16227,경기도 수원시 영통구 창룡대로 265,경기도 수원시 영통구 이의동 1088-10번지,37.29764523,127.0356337
2023-02-13,수원시,도로교통관리사업소,"031-228-4272, 1899-3300",16623,경기도 수원시 권선구 서부로 1600,경기도 수원시 권선구 고색동 886-70번지,37.25238266,126.9764295
2023-02-13,수원시,정자2동 행정복지센터,031-228-5607,16312,경기도 수원시 장안구 송정로24번길 34,경기도 수원시 장안구 정자동 32-7번지,37.29507721,127.0004477
2023-02-13,수원시,정자3동 행정복지센터,031-228-5712,16333,경기도 수원시 장안구 대평로 85,경기도 수원시 장안구 정자동 879-4번지,37.29569274,126.9925796
2023-02-13,수원시,조원2동 행정복지센터,031-228-5613,16294,경기도 수원시 장안구 송원로 109-50,경기도 수원시 장안구 조원동 877번지,37.30561697,127.0096762
2023-02-13,수원시,곡선동 행정복지센터,031-228-6651,16667,경기도 수원시 권선구 동수원로146번길 174,경기도 수원시 권선구 곡반정동 522번지,37.24332719,127.0333289
2023-02-13,수원시,송죽동 행정복지센터,031-228-5609,16305,경기도 수원시 장안구 송원로41번길 16-21,경기도 수원시 장안구 송죽동 502-1번지,37.30053128,127.0070576
2023-02-13,수원시,구운동 행정복지센터,031-228-6156,16408,경기도 수원시 권선구 구운로47번길 57-33,경기도 수원시 권선구 구운동 965번지,37.27711284,126.9714643
2023-02-13,수원시,권선1동 행정복지센터,031-228-6610,16566,경기도 수원시 권선구 경수대로352번길 29,경기도 수원시 권선구 권선동 1034-5번지,37.25774186,127.0246017
2023-02-13,수원시,권선2동 행정복지센터,031-228-6654,16558,경기도 수원시 권선구 권중로 85,경기도 수원시 권선구 권선동 1268-2번지,37.25132632,127.0297163
2023-02-13,수원시,권선구청,1899-3300,16626,경기도 수원시 권선구 호매실로 12,경기도 수원시 권선구 탑동 900번지,37.25764489,126.9719386
2023-02-13,수원시,금곡동 행정복지센터,031-228-6648,16397,경기도 수원시 권선구 금곡로196번길 20,경기도 수원시 권선구 금곡동 1119-4번지,37.27272561,126.9521961
2023-02-13,수원시,서둔동 행정복지센터,031-228-6846,16617,경기도 수원시 권선구 서호로 146,경기도 수원시 권선구 서둔동 207-13번지,37.27259807,126.9860686
2023-02-13,수원시,세류2동 행정복지센터,031-228-6663,16588,경기도 수원시 권선구 덕영대로 1107,경기도 수원시 권선구 세류동 980-1번지,37.25337736,127.0130821
2023-02-13,수원시,입북동 행정복지센터,031-228-6672,16367,경기도 수원시 권선구 입북로 17,경기도 수원시 권선구 입북동 429-9번지,37.29322089,126.959539
2023-02-13,수원시,호매실동 행정복지센터,031-228-6633,16400,경기도 수원시 권선구 칠보로 161,경기도 수원시 권선구 호매실동 1367번지,37.26622184,126.9570365
2023-02-13,수원시,고등동 행정복지센터,031-228-7765,16452,경기도 수원시 팔달구 고등로 37,경기도 수원시 팔달구 고등동 153-1번지,37.27347376,127.0011319
2023-02-13,수원시,매산동 행정복지센터,031-228-7844,16456,경기도 수원시 팔달구 매산로 45,경기도 수원시 팔달구 매산로2가 40-4,37.26888797,127.0059782
2023-02-13,수원시,수원시청,1899-3300,16490,경기도 수원시 팔달구 효원로 241,경기도 수원시 팔달구 인계동 1111번지,37.26344616,127.0287274
2023-02-13,수원시,우만2동 행정복지센터,031-228-7096,16498,경기도 수원시 팔달구 중부대로207번길 33,경기도 수원시 팔달구 우만동 108-3번지,37.27800204,127.0397701
2023-02-13,수원시,지동 행정복지센터,031-228-7649,16243,경기도 수원시 팔달구 세지로 339,경기도 수원시 팔달구 지동 143-1번지,37.28203184,127.0284649
2023-02-13,수원시,팔달구청,1899-3300,16255,경기도 수원시 팔달구 창룡대로 23,경기도 수원시 팔달구 매향동 49번지,37.28256171,127.0190196
2023-02-13,수원시,화서1동 행정복지센터,031-228-7971,16442,경기도 수원시 팔달구 동말로4번길 10,경기도 수원시 팔달구 화서동 184-357번지,37.2764586,126.9950437
2023-02-13,수원시,광교1동 행정복지센터,031-228-8369,16509,경기도 수원시 영통구 도청로89번길 20,경기도 수원시 영통구 이의동 1350번지,37.29018218,127.0473902
2023-02-13,수원시,경기도청,031-120,16508,경기도 수원시 영통구 도청로 30,경기도 수원시 영통구 이의동,37.2949837,127.0453902
2023-02-13,수원시,매탄1동 행정복지센터,031-228-8609,16532,경기도 수원시 영통구 인계로189번길 119,경기도 수원시 영통구 매탄동 176-4번지,37.27049637,127.0405264
2023-02-13,수원시,매탄3동 행정복지센터,031-228-8641,16548,경기도 수원시 영통구 동탄원천로881번길 76,경기도 수원시 영통구 매탄동 1279-1번지,37.25644458,127.0431039
2023-02-13,수원시,매탄4동 행정복지센터,031-228-8669,16541,경기도 수원시 영통구 산남로 26-4,경기도 수원시 영통구 매탄동 232-2번지,37.26511949,127.0487132
2023-02-13,수원시,영통1동 행정복지센터,031-228-8721,16712,경기도 수원시 영통구 봉영로1759번길 23,경기도 수원시 영통구 영통동 947-6번지,37.26633629,127.080556
2023-02-13,수원시,영통2동 행정복지센터,031-228-8741,16679,경기도 수원시 영통구 영통로217번길 12,경기도 수원시 영통구 영통동 977-3번지,37.24695806,127.0563197
2023-02-13,수원시,영통3동 행정복지센터,031-228-8982,16705,경기도 수원시 영통구 반달로 105,경기도 수원시 영통구 영통동 1011-3번지,37.25255899,127.0769112
2023-02-13,수원시,원천동 행정복지센터,031-228-8689,16518,경기도 수원시 영통구 중부대로 339,경기도 수원시 영통구 원천동 610번지,37.27351071,127.0532651
2023-02-13,수원시,망포2동 행정복지센터,031-228-8771,16686,경기도 수원시 영통구 태장로54번길 10,경기도 수원시 영통구 망포동 234-43번지,37.23885486,127.051632
2023-02-13,수원시,장안구보건소,031-228-5716,16295,경기도 수원시 장안구 송원로 101,경기도 수원시 장안구 조원동 888번지,37.30337225,127.0096118
2023-02-13,수원시,팔달구보건소,031-228-7716,16463,경기도 수원시 팔달구 팔달산로 6,경기도 수원시 팔달구 교동 56-1번지,37.27150183,127.0124579
2023-02-13,수원시,농업기술센터,031-228-2554,16631,경기도 수원시 권선구 온정로 45,경기도 수원시 권선구 오목천동 40번지,37.25011479,126.9631509
2023-02-13,수원시,상수도사업소,031-228-4920~22,16290,경기도 수원시 장안구 광교산로 119,경기도 수원시 장안구 하광교동 415,37.30106537,127.0275265
2023-02-13,수원시,도서관사업소,031-228-4710,16258,경기도 수원시 팔달구 신풍로23번길 68,경기도 수원시 팔달구 신풍동 123-69번지,37.28388754,127.0104151
2023-02-13,수원시,공원녹지사업소,031-228-4551,16429,경기도 수원시 권선구 수인로 126,경기도 수원시 권선구 서둔동 251,37.27419333,126.9839485
2023-02-13,수원시,미술관사업소,031-228-3800,16252,경기도 수원시 팔달구 정조로 833,경기도 수원시 팔달구 신풍동 238-1번지,37.28279165,127.0157242
2023-02-13,수원시,영화동 행정복지센터,031-228-5145,16269,경기도 수원시 장안구 수성로382번길 24,경기도 수원시 장안구 영화동 250-1,37.29314137,127.0139542
2023-02-10,가평군,북면행정복지센터,031-582-0301,12403,경기도 가평군 북면 가화로 1030-39 (목동리),경기도 가평군 북면 목동리 913-4,37.8881275,127.5492755
2023-02-10,가평군,상면행정복지센터,031-585-2001,12444,경기도 가평군 상면 청군로 1105 (연하리),경기도 가평군 상면 연하리 171-1번지,37.80471518,127.3567864
2023-02-10,가평군,가평읍행정복지센터,031-582-3002,12419,경기도 가평군 가평읍 가화로 62 (읍내리),경기도 가평군 가평읍 읍내리 366번지,37.82535111,127.5165557
2023-02-10,가평군,가평군청 제2청사,031-580-2222,12414,경기도 가평군 가평읍 석봉로 191번길 10 (읍내리),경기도 가평군 가평읍 읍내리 608-5번지,37.83208302,127.5086612
2023-02-10,가평군,조종면행정복지센터,031-580-4212,12438,경기도 가평군 조종면 조종내길 71 (현리),경기도 가평군 조종면 현리 567-7번지,37.81751581,127.353241
2023-02-10,가평군,설악면행정복지센터,031-584-7301,12467,경기도 가평군 설악면 한서로 8 (신천리),경기도 가평군 설악면 신천리 156-1번지,37.67621904,127.4947045
2023-02-10,가평군,가평군청,031-580-2114,12417,경기도 가평군 가평읍 석봉로 181 (읍내리),경기도 가평군 가평읍 읍내리 513번지,37.83144131,127.5095702
2023-02-10,가평군,청평면행정복지센터,031-584-3001,12452,경기도 가평군 청평면 은고개로 19 (청평리),경기도 가평군 청평면 청평리 333-1번지,37.74046263,127.4241417
2023-02-10,안양시,안양2동,,13990,경기도 안양시 만안구 안양로384번길 50 (안양동),경기도 안양시 만안구 안양동 842-2번지,37.4050822807,126.9178226744
2023-02-10,안양시,안양3동,,14007,경기도 안양시 만안구 양화로 28 (안양동),경기도 안양시 만안구 안양동 1195-33번지,37.3962787594,126.9147500087
2023-02-10,안양시,안양5동,,13998,경기도 안양시 만안구 냉천로157번길 18 (안양동),경기도 안양시 만안구 안양동 707-103번지,37.3942987059,126.9208434201
2023-02-10,안양시,안양6동,,14033,경기도 안양시 만안구 안양로170번길 23 (안양동),경기도 안양시 만안구 안양동 437-4번지,37.3900734390,126.9305685788
2023-02-10,안양시,안양8동,,14093,경기도 안양시 만안구 안양로111번길 17 (안양동),경기도 안양시 만안구 안양동 572-1번지,37.3841950257,126.9321379848
2023-02-10,안양시,석수2동,,13964,경기도 안양시 만안구 안양로 496 (석수동),경기도 안양시 만안구 석수동 279-1번지,37.4138648611,126.9093924366
2023-02-10,안양시,박달1동,,13984,경기도 안양시 만안구 양화로127번길 9 (박달동),경기도 안양시 만안구 박달동 50-2번지 (50-2 외1),37.4036693217,126.9091787016
2023-02-10,안양시,박달2동,,14016,경기도 안양시 만안구 박달로 470 (박달동),경기도 안양시 만안구 박달동 141-2번지,37.4019883135,126.9046950670
2023-02-10,안양시,안양시청,031-8045-5398,14053,경기도 안양시 동안구 시민대로 235,경기도 안양시 동안구 관양동 1590,37.3942983651,126.9568596548
2023-02-10,안양시,비산2동,031-8045-4610,13954,경기도 안양시 동안구 관악대로 106번길 70 (비산동),경기도 안양시 동안구 비산동 414-5번지,37.3979278508,126.9388357693
2023-02-10,안양시,부흥동,031-8045-4630,14045,경기도 안양시 동안구 달안로 28 (비산동),경기도 안양시 동안구 비산동 1103-1번지,37.3936675738,126.9471710801
2023-02-10,안양시,안양4동,,14002,경기도 안양시 만안구 냉천로193번길 34 (안양동),경기도 안양시 만안구 안양동 711-399번지,37.3965555386,126.9178660397
2023-02-10,안양시,안양7동,,14038,경기도 안양시 만안구 덕천로 115 (안양동),경기도 안양시 만안구 안양동 1397번지,37.3914677852,126.9337437885
2023-02-10,안양시,안양9동,,14019,경기도 안양시 만안구 병목안로142번길 12-9 (안양동),경기도 안양시 만안구 안양동 995-27번지,37.3914790466,126.9084271144
2023-02-10,안양시,석수1동,,13909,경기도 안양시 만안구 경수대로 1252 (석수동),경기도 안양시 만안구 석수동 806번지,37.4196306293,126.9106015939
2023-02-10,안양시,석수3동,,13972,경기도 안양시 만안구 충훈로90번길 36 (석수동),경기도 안양시 만안구 석수동 617번지,37.4092175784,126.8994061241
2023-02-10,안양시,동안구청,031-8045-4114,14047,경기도 안양시 동안구 동안로 158 (비산동),경기도 안양시 동안구 비산동 1111번지,37.3925059174,126.9512804856
2023-02-10,안양시,비산1동,031-8045-4600,13924,경기도 안양시 동안구 비산로 12 (비산동),경기도 안양시 동안구 비산동 475-1번지,37.3997783425,126.9337264561
2023-02-10,안양시,비산3동,031-8045-4620,13918,경기도 안양시 동안구 운곡로 34 (비산동),경기도 안양시 동안구 비산동 1023번지,37.4040709617,126.9455806013
2023-02-10,안양시,달안동,031-8045-4640,14043,경기도 안양시 동안구 달안로 65 (비산동),경기도 안양시 동안구 비산동 1101-5번지,37.3960972839,126.9501810217
2023-02-10,안양시,관양2동,031-8045-4660,13950,경기도 안양시 동안구 관양로 215 (관양동),경기도 안양시 동안구 관양동 1482-3번지,37.4022855003,126.9709931144
2023-02-10,안양시,평촌동,031-8045-4680,14061,경기도 안양시 동안구 흥안대로456번길 21 (평촌동),경기도 안양시 동안구 평촌동 75-16번지,37.3946509614,126.9770909419
2023-02-10,안양시,평안동,031-8045-4690,14068,경기도 안양시 동안구 관평로138번길 39 (평촌동),경기도 안양시 동안구 평촌동 896-4번지,37.3904021618,126.9642646183
2023-02-10,안양시,호계1동,031-8045-4710,14112,경기도 안양시 동안구 경수대로 538 (호계동),경기도 안양시 동안구 호계동 1003-7번지,37.3708692723,126.9583048289
2023-02-10,안양시,호계3동,031-8045-4730,14123,경기도 안양시 동안구 동안구 경수대로 504,경기도 안양시 동안구 호계동 764-5번지,37.3676268554,126.9588589333
2023-02-10,안양시,갈산동,031-8045-4760,14106,경기도 안양시 동안구 흥안대로223번길 30 (호계동),경기도 안양시 동안구 호계동 1118번지,37.3761420408,126.9661732185
2023-02-10,안양시,안양1동,,13995,경기도 안양시 만안구 장내로 170 (안양동),경기도 안양시 만안구 안양동 1383번지,37.3991006375,126.9259019346
2023-02-10,안양시,관양1동,031-8045-4650,13931,경기도 안양시 동안구 관평로 358번길 46,경기도 안양시 동안구 관양동 1407-1번지,37.4061454142,126.9614633239
2023-02-10,안양시,부림동,031-8045-4670,14051,경기도 안양시 동안구 달안로 154 (관양동),경기도 안양시 동안구 관양동 1588-1번지,37.3987270036,126.9594601557
2023-02-10,안양시,귀인동,031-8045-4700,14101,경기도 안양시 동안구 부림로 16 (평촌동),경기도 안양시 동안구 평촌동 933-4번지,37.3855222223,126.9694842673
2023-02-10,안양시,호계2동,031-8045-4720,14079,경기도 안양시 동안구 동안구 시민대로 110번길 6 (호계동),경기도 안양시 동안구 호계동 907-11번지,37.3864297706,126.9452925664
2023-02-10,안양시,범계동,031-8045-4740,14072,경기도 안양시 동안구 평촌대로217번길 63 (호계동),경기도 안양시 동안구 호계동 1051-1번지,37.3897624271,126.9525092363
2023-02-10,안양시,신촌동,031-8045-4750,14099,경기도 안양시 동안구 동안로 28 (호계동),경기도 안양시 동안구 호계동 1056-2번지,37.3817938808,126.9563285993
2023-02-10,안양시,만안구청,,14034,경기도 안양시 만안구 안양로 128 (안양동),경기도 안양시 만안구 안양동 530번지,37.3866391208,126.9324245514
2023-02-06,파주시,법원읍,031-940-8041,10826,경기도 파주시 법원읍 사임당로907번길 21,경기도 파주시 법원읍 법원리 376-1번지,37.8491705,126.8823933
2023-02-06,파주시,금촌3동,031-940-8748,10850,경기도 파주시 시청로 194,경기도 파주시 아동동 291-4번지,37.7675325,126.775401
2023-02-06,파주시,월롱면,031-940-8063,10946,경기도 파주시 월롱면 엘지로 17,경기도 파주시 월롱면 위전리 5-2번지,37.7962204,126.7893368
2023-02-06,파주시,파평면,031-940-8161,10801,경기도 파주시 파평면 청송로 189-21,경기도 파주시 파평면 금파리 287번지,37.9219322,126.8379583
2023-02-06,파주시,운정1동,031-940-7701,10894,경기도 파주시 와석순환로 415,경기도 파주시 와동동 1358번지,37.7253124,126.7585956
2023-02-06,파주시,운정4동,031-820-7101,10909,경기도 파주시 하우3길 77,경기도 파주시 야당동 54-1번지,37.71898823,126.7687177
2023-02-06,파주시,운정6동,031-820-7181,10888,경기도 파주시 청석로 115,경기도 파주시 동패동 2080-3번지,37.71275237,126.7204097
2023-02-06,파주시,금촌2동,031-940-8228,10918,경기도 파주시 쇠재로 115,경기도 파주시 금촌동 1011번지,37.7515853,126.7772012
2023-02-06,파주시,장단출장소,031-940-8245,10800,경기도 파주시 군내면 통일촌길 220,경기도 파주시 군내면 백연리 480-1번지,37.9061392,126.7309526
2023-02-06,파주시,문산읍,031-940-8004,10813,경기도 파주시 문산읍 통일로 1680,경기도 파주시 문산읍 선유리 1402번지,37.8567524,126.7910164
2023-02-06,파주시,조리읍,031-940-8121,10937,경기도 파주시 조리읍 봉천로 64,경기도 파주시 조리읍 봉일천리 188-6번지,37.7447623,126.8052374
2023-02-06,파주시,파주읍,031-940-8021,10835,경기도 파주시 파주읍 술이홀로 295,경기도 파주시 파주읍 파주리 146-1번지,37.8307195,126.8200104
2023-02-06,파주시,탄현면,031-940-8081,10858,경기도 파주시 탄현면 방촌로649번길 24-7,경기도 파주시 탄현면 축현리 877-1번지,37.8024773,126.7161589
2023-02-06,파주시,적성면,031-940-8181,10803,경기도 파주시 적성면 청송로 1013,경기도 파주시 적성면 마지리 48-1번지,37.954283,126.9176169
2023-02-06,파주시,파주시청,031-940-4114,10932,경기도 파주시 시청로 50,경기도 파주시 아동동 215-1번지,37.7600413,126.7798768
2023-02-06,파주시,교하동,031-940-7601,10867,경기도 파주시 교하로 1401,경기도 파주시 교하동 388-3번지,37.753036,126.746904
2023-02-06,파주시,운정2동,031-940-7741,10894,경기도 파주시 와석순환로 415,경기도 파주시 와동동 1358번지,37.7288768,126.7466414
2023-02-06,파주시,운정3동,031-940-7651,10901,경기도 파주시 교하로 239,경기도 파주시 동패동 1800-2번지,37.7171381,126.7436387
2023-02-06,파주시,운정5동,031-820-7141,10884,경기도 파주시 책향기로 283,경기도 파주시 문발동 602-5번지,37.72027281,126.710801
2023-02-06,파주시,금촌1동,031-940-8205,10930,경기도 파주시 새꽃로 215,경기도 파주시 아동동 351-5번지,37.7663443,126.7759721
2023-02-06,파주시,광탄면,031-940-8141,10948,경기도 파주시 광탄면 혜음로 1044,경기도 파주시 광탄면 신산리 134-1번지,37.7761649,126.8512215
2023-01-04,과천시,과천시청,02-502-5001~6,13806,경기도 과천시 관문로 69,경기도 과천시 중앙동 1-3번지,37.429812,126.986963
2023-01-04,과천시,중앙동행정복지센터,02-2150-3100,13803,경기도 과천시 관문로 136,경기도 과천시 중앙동 68번지,37.433192,126.993405
2023-01-04,과천시,별양동주민센터,02-2150-3300,13834,경기도 과천시 별양로 60,경기도 과천시 별양동 12번지,37.424171,126.993714
2023-01-04,과천시,부림동주민센터,02-2150-3400,13831,경기도 과천시 별양로 174,경기도 과천시 부림동 47번지,37.433458,126.998512
2023-01-04,과천시,문원동주민센터,02-2150-3600,13827,경기도 과천시 아랫배랭이로 35,경기도 과천시 문원동 187-1번지,37.426396,127.001916
2023-01-04,과천시,과천시 보건소,02-2150-3800,13806,경기도 과천시 관문로 69,경기도 과천시 중앙동 1-3번지,37.429812,126.986963
2023-01-04,과천시,과천시 정보과학도서관,02-2150-3008,13835,경기도 과천시 중앙로 24,경기도 과천시 갈현동 677번지,37.418746,126.989716
2023-01-04,과천시,갈현동행정복지센터,02-2150-3200,13835,경기도 과천시 중앙로 28,경기도 과천시 갈현동 679번지,37.419356,126.989125
2023-01-04,과천시,과천동행정복지센터,02-2150-3500,13813,경기도 과천시 과천대로 608-17,경기도 과천시 과천동 538-1번지,37.448380,126.995394
2023-01-04,과천시,과천시 맑은물사업소,02-2150-3703,13841,경기도 과천시 중앙로 59-92,경기도 과천시 갈현동 4-1번지,37.420775,126.985609
2023-01-04,과천시,과천시 환경사업소,02-2150-3752,13815,경기도 과천시 상하벌로 17,경기도 과천시 과천동 249번지,37.448690,127.002385
2022-11-18,고양시,마두1동 행정복지센터,031-8075-6873,10417,경기도 고양시 일산동구 일산로 218,경기도 고양시 일산동구 마두동 727번지,37.6558124586,126.7897928913
2022-11-18,고양시,마두2동 행정복지센터,031-8075-6892,10416,경기도 고양시 일산동구 강송로 166,경기도 고양시 일산동구 마두동 782번지,37.6535899607,126.7844518842
2022-11-18,고양시,장항2동 행정복지센터,031-8075-6942,10422,경기도 고양시 일산동구 노루목로 114,경기도 고양시 일산동구 장항동 900번지,37.6498842164,126.7783206813
2022-11-18,고양시,풍산동 행정복지센터,031-8075-6782,10308,경기도 고양시 일산동구 숲속마을1로 36,경기도 고양시 일산동구 풍동 349-16번지,37.6640837216,126.7998617107
2022-11-18,고양시,백석1동 행정복지센터,031-8075-6812,10445,경기도 고양시 일산동구 일산로 145,경기도 고양시 일산동구 백석동 1147번지,37.6496275642,126.7924930655
2022-11-18,고양시,행신1동 행정복지센터,031-8075-5907,10518,경기도 고양시 덕양구 중앙로 541-12,경기도 고양시 덕양구 행신동 992번지,37.6223171261,126.8358807728
2022-11-18,고양시,행신3동 행정복지센터,031-8075-5948,10494,경기도 고양시 덕양구 중앙로558번길 78,경기도 고양시 덕양구 행신동 933번지,37.6263793722,126.8385984082
2022-11-18,고양시,화전동 행정복지센터,031-8075-5977,10540,경기도 고양시 덕양구 중앙로 131,경기도 고양시 덕양구 화전동 226-13번지,37.6000389585,126.8726357090
2022-11-18,고양시,덕양구청,031-909-9000,10497,경기도 고양시 덕양구 화중로104번길 13,경기도 고양시 덕양구 화정동 955번지,37.6374571807,126.8322777968
2022-11-18,고양시,일산서구청,031-909-9000,10226,경기도 고양시 일산서구 중앙로 1600,경기도 고양시 일산서구 대화동 2321번지,37.6779159791,126.7452987036
2022-11-18,고양시,주교동 행정복지센터,031-8075-5654,10458,경기도 고양시 덕양구 고양대로1315번길 71,경기도 고양시 덕양구 주교동 265-1번지,37.6594795833,126.8296203742
2022-11-18,고양시,원신동 행정복지센터,031-8075-5678,10565,경기도 고양시 덕양구 호국로 1261,경기도 고양시 덕양구 신원동 437-25번지,37.6773992847,126.8758518636
2022-11-18,고양시,흥도동 행정복지센터,031-8075-5691,10480,경기도 고양시 덕양구 흥도로454번길 44,경기도 고양시 덕양구 성사동 34-1번지,37.6449709369,126.8543482789
2022-11-18,고양시,성사1동 행정복지센터,031-8075-5702,10462,경기도 고양시 덕양구 호국로 793,경기도 고양시 덕양구 주교동 615-4,37.6571288199,126.8362963836
2022-11-18,고양시,성사2동 행정복지센터,031-8075-5722,10469,경기도 고양시 덕양구 호국로742번길 6-6,경기도 고양시 덕양구 성사동 734-1번지,37.6529456495,126.8329213451
2022-11-18,고양시,효자동 행정복지센터,031-8075-5742,03307,경기도 서울시 은평구 대서문길 5,경기도 서울시 은평구 진관동 279-90번지,37.6579969685,126.9469515990
2022-11-18,고양시,삼송2동 행정복지센터,031-8075-8443,10563,경기도 고양시 덕양구 원흥1로 46-13,경기도 고양시 덕양구 원흥동 621-1번지,37.6507800269,126.8701912588
2022-11-18,고양시,일산3동 행정복지센터,031-8075-7763,10356,경기도 고양시 일산서구 강선로 158,경기도 고양시 일산서구 일산동 1100번지,37.6769823818,126.7702449619
2022-11-18,고양시,탄현2동 행정복지센터,031-8075-7533,10248,경기도 고양시 일산서구 탄현로 120,경기도 고양시 일산서구 탄현동 1655번지,37.7022213882,126.7676720883
2022-11-18,고양시,주엽1동 행정복지센터,031-8075-7822,10386,경기도 고양시 일산서구 강성로 109,경기도 고양시 일산서구 주엽동 69번지,37.6701161617,126.7632933486
2022-11-18,고양시,대화동 행정복지센터,031-8075-7883,10368,경기도 고양시 일산서구 일산로 668,경기도 고양시 일산서구 대화동 2035번지,37.6829807776,126.7551253767
2022-11-18,고양시,덕이동 행정복지센터,031-8075-7945,10237,경기도 고양시 일산서구 덕이로 50-7,경기도 고양시 일산서구 덕이동 446-9번지,37.6909070774,126.7542861708
2022-11-18,고양시,가좌동 행정복지센터,031-8075-7963,10214,경기도 고양시 일산서구 송산로374번길 7,경기도 고양시 일산서구 가좌동 308-13번지,37.6844630096,126.7208828422
2022-11-18,고양시,일산1동 행정복지센터,031-8075-7702,10348,경기도 고양시 일산서구 원일로 55,경기도 고양시 일산서구 일산동 963-6번지,37.6872378175,126.7685339725
2022-11-18,고양시,식사동 행정복지센터,031-8075-6702,10323,경기도 고양시 일산동구 위시티2로11번길 22-21,경기도 고양시 일산동구 식사동 1536번지,37.6773424570,126.8137081946
2022-11-18,고양시,장항1동 행정복지센터,031-8075-6912,10431,경기도 고양시 일산동구 장항로225번길 72,경기도 고양시 일산동구 장항동 578-2번지,37.6416253179,126.7705456419
2022-11-18,고양시,고봉동 행정복지센터,031-8075-6953,10258,경기도 고양시 일산동구 성현로 397-18,경기도 고양시 일산동구 문봉동 57-4번지,37.7018999474,126.8271739269
2022-11-18,고양시,백석2동 행정복지센터,031-8075-6842,10447,경기도 고양시 일산동구 장백로 72,경기도 고양시 일산동구 백석동 1339번지,37.6439070415,126.7854969250
2022-11-18,고양시,고양시청,031-909-9000,10460,경기도 고양시 덕양구 고양시청로 10,경기도 고양시 덕양구 주교동 600번지,37.6584112959,126.8319654608
2022-11-18,고양시,일산동구청,031-909-9000,10409,경기도 고양시 일산동구 중앙로 1256,경기도 고양시 일산동구 마두동 815번지,37.6588678240,126.7749572412
2022-11-18,고양시,삼송1동 행정복지센터,031-8075-5757,10590,경기도 고양시 덕양구 신도길 8-8,경기도 고양시 덕양구 삼송동 143-1번지,37.6525797245,126.8937104798
2022-11-18,고양시,창릉동 행정복지센터,031-8075-5772,10597,경기도 고양시 덕양구 동세로 30,경기도 고양시 덕양구 동산동 360번지,37.6455033582,126.8865587182
2022-11-18,고양시,일산2동 행정복지센터,031-8075-7736,10340,경기도 고양시 일산서구 고봉로 283,경기도 고양시 일산서구 일산동 1679번지,37.6846232867,126.7771903313
2022-11-18,고양시,탄현1동 행정복지센터,031-8075-7793,10244,경기도 고양시 일산서구 홀트로 36,경기도 고양시 일산서구 탄현동 1488-3번지,37.6943123866,126.7684077631
2022-11-18,고양시,주엽2동 행정복지센터,031-8075-7852,10388,경기도 고양시 일산서구 주엽로 178,경기도 고양시 일산서구 주엽동 27번지,37.6741184196,126.7604755694
2022-11-18,고양시,송포동 행정복지센터,031-8075-7912,10218,경기도 고양시 일산서구 대화로 143,경기도 고양시 일산서구 대화동 767-2번지,37.6714171483,126.7354540619
2022-11-18,고양시,고양동 행정복지센터,031-8075-5787,10275,경기도 고양시 덕양구 벽제관로 5,경기도 고양시 덕양구 고양동 195-1번지,37.7033484253,126.9037224720
2022-11-18,고양시,능곡동 행정복지센터,031-8075-5840,10509,경기도 고양시 덕양구 토당로 83,경기도 고양시 덕양구 토당동 335-4번지,37.6226929440,126.8180184274
2022-11-18,고양시,화정1동 행정복지센터,031-8075-5848,10472,경기도 고양시 덕양구 화중로 197,경기도 고양시 덕양구 화정동 864번지,37.6446745654,126.8334714003
2022-11-18,고양시,화정2동 행정복지센터,031-8075-5868,10499,경기도 고양시 덕양구 화신로 232,경기도 고양시 덕양구 화정동 994번지,37.6305633243,126.8357053996
2022-11-18,고양시,행주동 행정복지센터,031-8075-5895,10516,경기도 고양시 덕양구 지도로14번길 11,경기도 고양시 덕양구 토당동 885-9번지,37.6184354392,126.8252979584
2022-11-18,고양시,행신2동 행정복지센터,031-8075-5928,10523,경기도 고양시 덕양구 충경로 30,경기도 고양시 덕양구 행신동 717번지,37.6151624405,126.8330210871
2022-11-18,고양시,관산동 행정복지센터,031-8075-5814,10287,경기도 고양시 덕양구 통일로 789,경기도 고양시 덕양구 관산동 238-1번지,37.6880177832,126.8625383308
2022-11-18,고양시,행신4동 행정복지센터,031-8075-8475,10486,경기도 고양시 덕양구 중앙로 454,경기도 고양시 덕양구 행신동 1082번지,37.6186185618,126.8450013306
2022-11-18,고양시,대덕동 행정복지센터,031-8075-5987,10541,경기도 고양시 덕양구 덕은로 60-22,경기도 고양시 덕양구 덕은동 191-9번지,37.5855498636,126.8751698229
2022-11-18,고양시,중산1동 행정복지센터,031-8075-6732,10333,경기도 고양시 일산동구 중산로 224,경기도 고양시 일산동구 중산동 1573-4번지,37.6918176882,126.7804438059
2022-11-18,고양시,중산2동 행정복지센터,031-8075-6530,10311,경기도 고양시 일산동구 하늘마을1로 2,경기도 고양시 일산동구 중산동 1806번지,37.6745101712,126.7860200204
2022-11-18,고양시,정발산동 행정복지센터,031-8075-6762,10358,경기도 고양시 일산동구 일산로 422,경기도 고양시 일산동구 정발산동 1212번지,37.6724625611,126.7798256534
2022-06-22,하남시,풍산동,031-790-6607,12984,경기도 하남시 하남대로 1037-4 (풍산동),경기도 하남시 풍산동 244-11번지,37.5490197,127.1850903
2022-06-22,하남시,감일동,031-790-6614,12997,경기도 하남시 감일순환로 175,경기도 하남시 감이동 451,37.50890856,127.1594255
2022-06-22,하남시,미사2동,031-790-6612,12909,경기도 하남시 아리수로 531,경기도 하남시 망월동 981번지,37.56717508,127.1860544
2022-06-22,하남시,위례동,031-790-6613,13014,경기도 하남시 위례순환로 310,경기도 하남시 학암동 287-1,37.47720239,127.1524211
2022-06-22,하남시,초이동,031-790-6610,12986,경기도 하남시 초이로 65 (초이동),경기도 하남시 초이동 276-5번지,37.536629,127.1708668
2022-06-22,하남시,신장1동,031-790-6602,12959,경기도 하남시 신장1로27번길 13 (신장동),경기도 하남시 신장동 446-17번지,37.5387867,127.2095729
2022-06-22,하남시,신장2동,031-790-6603,12947,경기도 하남시 대청로21번길 32 (신장동),경기도 하남시 신장동 521-1번지,37.5416909,127.2139034
2022-06-22,하남시,하남시청,031-790-6114,12951,"경기도 하남시 대청로 10 (신장동,하남시청)",경기도 하남시 신장동 520번지 하남시청,37.5390571,127.2155298
2022-06-22,하남시,덕풍1동,031-790-6604,12979,경기도 하남시 역말로 14 (덕풍동),경기도 하남시 덕풍동 522-3번지,37.5335152,127.2005793
2022-06-22,하남시,덕풍3동,031-790-6606,12927,경기도 하남시 덕풍서로 66 (덕풍동),경기도 하남시 덕풍동 737번지,37.5525119,127.2047858
2022-06-22,하남시,덕풍2동,031-790-6605,12972,경기도 하남시 덕풍공원로 12 (덕풍동),경기도 하남시 덕풍동 693번지,37.5422842,127.1981451
2022-06-22,하남시,춘궁동,031-790-6609,13020,경기도 하남시 서하남로 490 (춘궁동),경기도 하남시 춘궁동 333-2번지,37.5221662,127.1941462
2022-06-22,하남시,천현동,031-790-6601,13024,경기도 하남시 검단남로 48 (하산곡동),경기도 하남시 하산곡동 172-1번지,37.519184,127.224028
2022-06-22,하남시,미사1동,031-790-6611,12913,경기도 하남시 미사강변남로 59,경기도 하남시 망월동 1071번지,37.56031593,127.188808
2022-06-22,하남시,감북동,031-790-6608,12990,경기도 하남시 감북로 39 (감북동),경기도 하남시 감북동 328번지,37.5162035,127.1617394
2022-06-07,양평군,산음보건진료소,031-770-3456,12527,경기도 양평군 단월면 봉미산샘골길 10,경기도 양평군 단월면 산음리 344-3번지,37.6061435,127.601282
2022-06-07,양평군,부안보건진료소,031-770-3457,12528,경기도 양평군 단월면 단월로 326,경기도 양평군 단월면 부안리 217-9번지,37.5634371,127.669569
2022-06-07,양평군,신론보건진료소,031-770-3458,12531,경기도 양평군 청운면 신론로 196,경기도 양평군 청운면 신론리 478-1번지,37.5677521,127.761545
2022-06-07,양평군,갈운보건진료소,031-770-3466,12532,경기도 양평군 청운면 경강로 4839,경기도 양평군 청운면 갈운리 637-2번지,37.5415986,127.764329
2022-06-07,양평군,양동보건지소,031-770-3556,12539,경기도 양평군 양동면 학둔지아래길 22,경기도 양평군 양동면 석곡리 160-2번지,37.4250391,127.750923
2022-06-07,양평군,계정보건진료소,031-770-3459,12535,경기도 양평군 양동면 양서북로 518,경기도 양평군 양동면 계정리 196-1번지,37.45668816,127.7706856
2022-06-07,양평군,금왕보건진료소,031-770-3460,12534,경기도 양평군 양동면 월리터1길 10,경기도 양평군 양동면 금왕리 1059번지,37.4614635,127.736187
2022-06-07,양평군,고송보건진료소,031-770-3461,12533,경기도 양평군 양동면 아랫고슬길8번길 5,경기도 양평군 양동면 고송리 708번지,37.49030783,127.6997172
2022-06-07,양평군,단석보건진료소,031-770-3462,12538,경기도 양평군 양동면 거단길 163,경기도 양평군 양동면 단석리 1339-2번지,37.3865851,127.713562
2022-06-07,양평군,삼산보건진료소,031-770-3467,12540,경기도 양평군 양동면 도소리길 33,경기도 양평군 양동면 삼산리 630-33번지,37.4040527,127.770574
2022-06-07,양평군,용문보건지소,031-770-3558,12522,경기도 양평군 용문면 용문로 393,경기도 양평군 용문면 다문리 348-1번지,37.4871541,127.596614
2022-06-07,양평군,개군보건지소,031-770-3559,12568,경기도 양평군 개군면 하자포길33번길 6,경기도 양평군 개군면 하자포리 263-7번지,37.42626128,127.5369921
2022-06-07,양평군,양평군청,031-770-2114,12554,경기도 양평군 양평읍 군청앞길 2,경기도 양평군 양평읍 양근리 448-8번지,37.491741,127.4876821
2022-06-07,양평군,강상면사무소,031-770-3041,12572,경기도 양평군 강상면 신화길 10,경기도 양평군 강상면 교평리 592-1번지,37.477204,127.4854803
2022-06-07,양평군,옥천면사무소,031-770-3131,12507,경기도 양평군 옥천면 옥천길 21,경기도 양평군 옥천면 옥천리 740-7번지,37.5180646,127.456072
2022-06-07,양평군,단월면사무소,031-770-3191,12529,경기도 양평군 단월면 보룡길 53,경기도 양평군 단월면 보룡리 343-2번지,37.538558,127.6729902
2022-06-07,양평군,양동면사무소,031-770-3251,12539,경기도 양평군 양동면 학둔지아래길 20,경기도 양평군 양동면 쌍학리 160-1번지,37.4251059,127.751177
2022-06-07,양평군,중앙도서관,031-770-2730,12562,경기도 양평군 양평읍 양근로 240-9,경기도 양평군 양평읍 양근리 257-3번지,37.485882,127.494342
2022-06-07,양평군,용문도서관,031-770-2710,12522,경기도 양평군 용문면 용문로 395,경기도 양평군 용문면 다문리 343번지,37.4872025,127.596325
2022-06-07,양평군,양동도서관,031-770-2571,12539,경기도 양평군 양동면 학둔지아래길 93,경기도 양평군 양동면 쌍학리 181-3번지,37.4192055,127.754679
2022-06-07,양평군,강하작은도서관,031-771-4302,12574,경기도 양평군 강하면 운심길 47,경기도 양평군 강하면 운심리 48-12번지,37.4961657,127.411212
2022-06-07,양평군,서종작은도서관,031-775-8258,12502,경기도 양평군 서종면 북한강로 777,경기도 양평군 서종면 문호리 764-1번지,37.606835,127.348958
2022-06-07,양평군,청운작은도서관,031-775-0552,12530,경기도 양평군 청운면 용두민속장터길 2,경기도 양평군 청운면 용두리 717-4번지,37.5536606,127.708325
2022-06-07,양평군,평생학습센터,031-770-2942,12546,경기도 양평군 양평읍 마유산로 3,경기도 양평군 양평읍 양근리 535-8번지,37.4975498,127.485259
2022-06-07,양평군,보건소,031-770-3524,12546,경기도 양평군 양평읍 마유산로 17,경기도 양평군 양평읍 양근리 533-1번지,37.4970357,127.486685
2022-06-07,양평군,정배보건진료소,031-770-3454,12501,경기도 양평군 서종면 중미산로 820,경기도 양평군 서종면 정배리 128-2번지,37.6005563,127.425995
2022-06-07,양평군,단월보건지소,031-770-3554,12529,경기도 양평군 단월면 보룡길 53-4,경기도 양평군 단월면 보룡리 343-8번지,37.538822,127.673427
2022-06-07,양평군,청운보건지소,031-770-3555,12530,경기도 양평군 청운면 용두로164번길 7,경기도 양평군 청운면 용두리 625-1번지,37.555857,127.711058
2022-06-07,양평군,동오보건진료소,031-770-3452,12577,경기도 양평군 강하면 동오1길 42,경기도 양평군 강하면 동오리 215-1번지,37.4683495,127.396581
2022-06-07,양평군,옥천보건지소,031-770-3560,12508,경기도 양평군 옥천체육공원길 34,경기도 양평군 옥천면 옥천리 779번지,37.52208147,127.4588242
2022-06-07,양평군,지평보건지소,031-770-3557,12541,경기도 양평군 지평면 지평의병로116번길 7-1,경기도 양평군 지평면 지평리 584-4번지,37.4738932,127.638346
2022-06-07,양평군,곡수보건진료소,031-770-3463,12544,경기도 양평군 지평면 곡수길 52,경기도 양평군 지평면 곡수리 364-5번지,37.41834752,127.6138547
2022-06-07,양평군,일신보건진료소,031-770-3464,12542,경기도 양평군 지평면 구둔영화체험길 8,경기도 양평군 지평면 일신리 1818-3번지,37.4344409,127.685226
2022-06-07,양평군,조현보건진료소,031-770-3465,12511,경기도 양평군 용문면 청용길 12,경기도 양평군 용문면 조현리 183-6번지,37.5221484,127.613553
2022-06-07,양평군,양평읍사무소,031-770-2661,12562,경기도 양평군 양평읍 양근강변길 7,경기도 양평군 양평읍 양근리 658번지,37.48642972,127.4935136
2022-06-07,양평군,강하면사무소,031-770-3071,12574,경기도 양평군 강하면 운심길 40-8,경기도 양평군 강하면 운심리 35-6번지,37.4949573,127.410464
2022-06-07,양평군,양서면사무소,031-770-3101,12584,경기도 양평군 양서면 목왕로 31,경기도 양평군 양서면 용담리 520-1번지,37.543979,127.326052
2022-06-07,양평군,서종면사무소,031-770-3161,12502,경기도 양평군 서종면 북한강로 777,경기도 양평군 서종면 문호리 766-1번지,37.606584,127.348712
2022-06-07,양평군,청운면사무소,031-770-3221,12530,경기도 양평군 청운면 용두로 170,경기도 양평군 청운면 용두리 625-1번지,37.556255,127.710723
2022-06-07,양평군,지평면사무소,031-770-3281,12541,경기도 양평군 지평면 지평의병로116번길 1,경기도 양평군 지평면 지평리 581-2번지,37.474475,127.639309
2022-06-07,양평군,용문면사무소,031-770-3311,12514,경기도 양평군 용문면 용문로 428,경기도 양평군 용문면 다문리 2번지,37.48890186,127.5991591
2022-06-07,양평군,개군면사무소,031-770-3341,12568,경기도 양평군 개군면 하자포길33번길 8,경기도 양평군 개군면 하자포리 262-2번지,37.4259639,127.536798
2022-06-07,양평군,양평군의회,031-770-2521,12554,경기도 양평군 양평읍 군청앞길 2,경기도 양평군 양평읍 양근리 448-8번지,37.491741,127.4876821
2022-06-07,양평군,어린이도서관,031-770-2734,12562,경기도 양평군 양평읍 양근로 240-9,경기도 양평군 양평읍 양근리 257-3번지,37.48559294,127.4945325
2022-06-07,양평군,양서친환경도서관,031-770-2596,12584,경기도 양평군 양서면 양수로 110,경기도 양평군 양서면 용담리 535-1번지,37.54231709,127.3236016
2022-06-07,양평군,지평도서관,031-770-2561,12541,경기도 양평군 지평면 지평의병로116번길 5,경기도 양평군 지평면 지평리 584-1번지,37.4736826,127.638647
2022-06-07,양평군,강상작은도서관,031-775-7483,12572,경기도 양평군 강상면 송학길 60,경기도 양평군 강상면 송학리 51-2번지,37.48069085,127.4780546
2022-06-07,양평군,옥천작은도서관,031-771-5703,12507,경기도 양평군 옥천면 옥천길 21,경기도 양평군 옥천면 옥천리 865-17번지,37.5182937,127.456494
2022-06-07,양평군,단월작은도서관,031-771-0634,12529,경기도 양평군 단월면 보룡길 82,경기도 양평군 단월면 보룡리 386-19번지,37.5408685,127.673508
2022-06-07,양평군,개군작은도서관,031-771-5624,12569,경기도 양평군 개군면 추읍로 37,경기도 양평군 개군면 부리 441-1번지,37.42821682,127.5422415
2022-06-07,양평군,세미원작은도서관,031-775-1835,12584,경기도 양평군 양서면 양수로 93,경기도 양평군 양서면 용담리 428-8번지,37.540939,127.323961
2022-06-07,양평군,농업기술센터,031-770-3617,12547,경기도 양평군 양평읍 농업기술센터길 59,경기도 양평군 양평읍 공흥리 1-1번지,37.51079056,127.5142907
2022-06-07,양평군,세월보건진료소,031-770-3451,12573,경기도 양평군 강상면 세월길 139-1,경기도 양평군 강상면 세월리 165-1번지,37.4374702,127.494132
2022-06-07,양평군,강하보건지소,031-770-3551,12574,경기도 양평군 강하면 운심길 44,경기도 양평군 강하면 운심리 34-8번지,37.4958208,127.410885
2022-06-07,양평군,국수보건지소,031-770-3552,12580,경기도 양평군 양서면 복개길5번길 21,경기도 양평군 양서면 복포리 364-17번지,37.5135962,127.402381
2022-06-07,양평군,서종보건지소,031-770-3553,12502,경기도 양평군 서종면 북한강로 777,경기도 양평군 서종면 문호리 766-4번지,37.6066094,127.348472
2022-06-07,양평군,노문보건진료소,031-770-3453,12500,경기도 양평군 서종면 화서1로 258,경기도 양평군 서종면 노문리 523번지,37.6389345,127.427982
2022-06-07,양평군,서후보건진료소,031-770-3455,12504,경기도 양평군 서종면 퉁점길 69-1,경기도 양평군 서종면 서후리 95번지,37.5813242,127.4203706
2022-06-01,의정부시,송산2동주민센터,031-870-7682,11809,경기도 의정부시 용민로 115,경기도 의정부시 민락동 743-2번지,37.739744,127.090003
2022-06-01,의정부시,공공하수처리시설(물자원재생과),031-870-6412,11717,경기도 의정부시 장곡로 147,경기도 의정부시 장암동 44-5번지,37.722476,127.051692
2022-06-01,의정부시,호원1동주민센터,031-870-7342,11710,경기도 의정부시 평화로230번길 12-9,경기도 의정부시 호원동 456-5번지,37.711974,127.048752
2022-06-01,의정부시,의정부3동주민센터,031-870-7012,11699,경기도 의정부시 경의로 120,경기도 의정부시 의정부동 371번지,37.732708,127.048907
2022-06-01,의정부시,의정부1동주민센터,031-870-6971,11690,경기도 의정부시 가능로152번길 14,경기도 의정부시 의정부동 225-1번지,37.746447,127.0476201
2022-06-01,의정부시,흥선동행정복지센터,031-870-6852,11659,경기도 의정부시 흥선로 20,경기도 의정부시 가능동 711번지,37.746264,127.030647
2022-06-01,의정부시,송산3동행정복지센터,031-870-7642,11812,경기도 의정부시 민락로 360,경기도 의정부시 낙양동 750,37.7531881,127.1137719
2022-06-01,의정부시,차량등록사업소,031-870-6742,11606,경기도 의정부시 체육로 90,경기도 의정부시 녹양동 174-1번지,37.757949,127.031595
2022-06-01,의정부시,어린이도서관,031-828-8711,11634,경기도 의정부시 회룡로 79,경기도 의정부시 호원동 319-25번지,37.726539,127.042633
2022-06-01,의정부시,정보도서관,031-828-8700,11622,경기도 의정부시 의정로 41,경기도 의정부시 의정부동 326-7번지,37.736577,127.0338701
2022-06-01,의정부시,의정부가재울도서관,031-828-8660,11678,경기도 의정부시 평화로 633,경기도 의정부시 가능동 197-1번지,37.748366,127.044225
2022-06-01,의정부시,의정부과학도서관,031-828-8642,11780,경기도 의정부시 추동로124번길 52,경기도 의정부시 신곡동 124-1번지,37.744726,127.069132
2022-06-01,의정부시,가능1동주민센터,031-870-7052,11676,경기도 의정부시 신촌로 35,경기도 의정부시 가능동 617-8번지,37.750636,127.038647
2022-06-01,의정부시,녹양동주민센터,031-870-7092,11607,경기도 의정부시 진등로 21,경기도 의정부시 녹양동 374-6번지,37.760116,127.0322601
2022-06-01,의정부시,자금동주민센터,031-870-7842,11759,경기도 의정부시 거북로 13,경기도 의정부시 금오동 285-52번지,37.750316,127.058157
2022-06-01,의정부시,호원2동행정복지센터,031-870-7190,11634,경기도 의정부시 신흥로 115,경기도 의정부시 호원동 319-2번지,37.726416,127.043055
2022-06-01,의정부시,신곡1동행정복지센터,031-870-7441,11730,경기도 의정부시 발곡로 17,경기도 의정부시 신곡동 716-1번지,37.731536,127.056784
2022-06-01,의정부시,의정부2동주민센터,031-870-7302,11671,경기도 의정부시 신흥로 275,경기도 의정부시 의정부동 433-52번지,37.740776,127.042791
2022-06-01,의정부시,장암동주민센터,031-870-7552,11718,경기도 의정부시 장곡로250번길 23,경기도 의정부시 장암동 20-10번지,37.726407,127.054263
2022-06-01,의정부시,송산1동주민센터,031-870-7802,11792,경기도 의정부시 민락로 13,경기도 의정부시 용현동 60-8번지,37.7311501,127.086705
2022-06-01,의정부시,의정부시청,031-828-2114,11622,경기도 의정부시 시민로 1,경기도 의정부시 의정부동 326-2번지,37.738063,127.0338401
2022-06-01,의정부시,의정부시청 별관(도시농업과),031-828-4022,11796,경기도 의정부시 시민로416번길 113,경기도 의정부시 용현동 490-1번지,37.728562,127.077128
2022-06-01,의정부시,맑은물사업소,031-870-6212,11619,경기도 의정부시 호국로1049번길 39,경기도 의정부시 가능동 590-24번지,37.740976,127.019846
2022-06-01,의정부시,의정부시청 별관(교통지도과),031-828-4863,11624,경기도 의정부시 의정로46번길 25,경기도 의정부시 의정부동 524-5번지,37.737086,127.036553
2022-06-01,의정부시,보건소,031-870-6002,11649,경기도 의정부시 범골로 131,경기도 의정부시 의정부동 516번지,37.736191,127.039582
2022-06-01,의정부시,동부보건과,031-870-6112,11787,경기도 의정부시 산단로76번길 113-4,경기도 의정부시 용현동 526-3번지 3층,37.743782,127.084394
2022-06-01,의정부시,신곡2동주민센터,031-870-7592,11740,경기도 의정부시 추동로23번길 7,경기도 의정부시 신곡동 672번지,37.743664,127.057924
2022-05-31,여주시,중앙동,031-887-3411,12623,경기도 여주시 여흥로11번길 26,경기도 여주시 하동 134-11,37.29869484,127.6289509
2022-05-31,여주시,금사면,031-887-3892,12604,경기도 여주시 금사면 이포로 27,경기도 여주시 금사면 이포리 197-3,37.39257724,127.533363
2022-05-31,여주시,대신면,031-887-3932,12610,경기도 여주시 대신면 여양로 1456-10,경기도 여주시 대신면 율촌리 390,37.37506787,127.5865394
2022-05-31,여주시,가남읍,031-887-3832,12662,경기도 여주시 가남읍 태평중앙1길 20,경기도 여주시 가남읍 태평리 138-8,37.20165817,127.5448788
2022-05-31,여주시,여주시청,031-887-2112,12619,경기도 여주시 세종로 1,경기도 여주시 홍문동 4,37.29821393,127.6366234
2022-05-31,여주시,점동면,031-887-3812,12667,경기도 여주시 점동면 청안로 132,경기도 여주시 점동면 청안리 124-1,37.20601467,127.6622999
2022-05-31,여주시,오학동,031-887-3971,12639,경기도 여주시 도예로 2,경기도 여주시 현암동 227-5,37.30527006,127.6382507
2022-05-31,여주시,북내면,031-887-3952,12613,경기도 여주시 북내면 여양2로 301,경기도 여주시 북내면 당우리 165-5,37.32905516,127.6790849
2022-05-31,여주시,세종대왕면,031-887-3853,12641,경기도 여주시 세종대왕면 번도1길 2-9,경기도 여주시 능서면 번도리 502-3,37.29998634,127.5734586
2022-05-31,여주시,여흥동,031-887-3763,12628,경기도 여주시 여흥로 148,경기도 여주시 상동 285-2,37.29496104,127.639628
2022-05-31,여주시,강천면,031-887-3982,12616,경기도 여주시 강천면 긴등길 6,경기도 여주시 강천면 간매리 311-2,37.27284446,127.7110756
2022-05-31,여주시,산북면,031-887-3913,12603,경기도 여주시 산북면 상품로 93,경기도 여주시 산북면 상품리 121,37.40206297,127.4429544
2022-05-31,여주시,흥천면,031-887-3874,12607,경기도 여주시 흥천면 효자로 154,경기도 여주시 흥천면 효지리 376-6,37.33330712,127.541425
2022-05-27,화성시,화성시청,031-518-2222~3,18274,경기도 화성시 시청로 159,경기도 화성시 남양읍 남양리 2000,37.1998386132,126.8326588839
2022-05-27,화성시,남양읍,031-5189-274-1~5,18262,경기도 화성시 남양읍 남양성지로 192-5,경기도 화성시 남양읍 남양리 1340,37.2117588155,126.8237857770
2022-05-27,화성시,봉담읍,031-5189-2711,18316,경기도 화성시 봉담읍 샘마을1길 7,경기도 화성시 봉담읍 상리 27-1,37.2196425325,126.9502583571
2022-05-27,화성시,동탄2동,031-5189-4840,18443,경기도 화성시 동탄반석로 87,경기도 화성시 반송동 135,37.1969439894,127.0723088838
2022-05-27,화성시,동탄4동,031-5189-4443,18476,경기도 화성시 동탄대로시범길 133,경기도 화성시 청계동 530,37.1998398680,127.1122843061
2022-05-27,화성시,동탄6동,031-5189-4640,18480,경기도 화성시 동탄감배산로 54,경기도 화성시 오산동 1002,37.1914094072,127.0901760818
2022-05-27,화성시,동탄8동,031-5189-5680,18500,경기도 화성시 동탄대로 87,경기도 화성시 장지동 927번지,37.1623180213,127.1052565210
2022-05-27,화성시,맑은물사업소,031-5189-2445,18624,경기도 화성시 향남읍 발안로 527,경기도 화성시 향남읍 송곡리 183,37.1308400925,126.9649178107
2022-05-27,화성시,송산면,031-5189-2761,18549,경기도 화성시 송산면 매봉산길 12,경기도 화성시 송산면 삼존리 203-5,37.2178435889,126.7391540830
2022-05-27,화성시,팔탄면,031-5189-278-2~8,18527,경기도 화성시 팔탄면 구장길 14,경기도 화성시 팔탄면 구장리 563,37.1622205003,126.9049137499
2022-05-27,화성시,병점1동,031-5189-4520,18411,경기도 화성시 경기대로 1010번길 11,경기도 화성시 병점동 367,37.2068629346,127.0372611539
2022-05-27,화성시,기배동,031-5189-4580,18341,경기도 화성시 기안남로 62,경기도 화성시 기안동 457-21번지,37.2243401658,126.9846378253
2022-05-27,화성시,양감면,031-5189-2821,18633,경기도 화성시 양감면 초록로 7,경기도 화성시 양감면 신왕리 1994,37.0816878563,126.9457206809
2022-05-27,화성시,새솔동,031-5189-6900,18242,경기도 화성시 수노을중앙로 178,경기도 화성시 새솔동 98,37.2812001031,126.8187768947
2022-05-27,화성시,동부출장소,031-5189-4114,18401,경기도 화성시 병점3로 23,경기도 화성시 진안동 526-2,37.2088032152,127.0355363015
2022-05-27,화성시,서신면,031-5189-2771,18555,경기도 화성시 서신면 궁평항로 1702,경기도 화성시 서신면 매화리 277,37.1664122191,126.7091802607
2022-05-27,화성시,장안면,031-5189-279-1~4,18584,경기도 화성시 장안면 포승장안로 1460-7,경기도 화성시 장안면 사랑리 138-14,37.0798270092,126.8313159051
2022-05-27,화성시,정남면,031-5189-4622,18519,경기도 화성시 정남면 서봉로 998,경기도 화성시 정남면 신리 260-1,37.1602719243,126.9711188102
2022-05-27,화성시,진안동,031-5189-4500,18400,경기도 화성시 병점4로 34,경기도 화성시 진안동 460-9,37.2133441861,127.0350012967
2022-05-27,화성시,병점2동,031-5189-4540,18403,경기도 화성시 병점3로 99,경기도 화성시 병점동 834-1,37.2114734129,127.0430145959
2022-05-27,화성시,반월동,031-5189-456-0~6,18377,경기도 화성시 영통로61번길 32,경기도 화성시 반월동 856번지,37.2331375205,127.0605943777
2022-05-27,화성시,화산동,031-5189-4600,18360,경기도 화성시 화산중앙로16,경기도 화성시 안녕동 20-9,37.2060793774,127.0148962599
2022-05-27,화성시,동탄출장소,031-5189-561-0~6,18478,"경기도 화성시 동탄역로 122, 그린파킹파크 5층~8층",경기도 화성시 오산동 968-5,37.1972464174,127.0968603028
2022-05-27,화성시,우정읍,031-5189-2801,18563,경기도 화성시 우정읍 쌍봉로 109-14,경기도 화성시 우정읍 조암리 411-1,37.0898139108,126.8153853410
2022-05-27,화성시,향남읍,031-5189-347-2~4,18592,경기도 화성시 향남읍 발안로 89,경기도 화성시 향남읍 행정리 287-1번지,37.1326492344,126.9202541814
2022-05-27,화성시,매송면,031-5189-2721,18287,경기도 화성시 매송면 매송로 43,경기도 화성시 매송면 어천리 380,37.2523455083,126.9091558811
2022-05-27,화성시,비봉면,031-5189-2731,18284,경기도 화성시 비봉면 비봉로 71번길 1,경기도 화성시 비봉면 양노리 253-3,37.2358040618,126.8738968113
2022-05-27,화성시,마도면,031-5189-2751,18537,경기도 화성시 마도면 마도북로 389,경기도 화성시 마도면 243-2,37.2054881247,126.7696371409
2022-05-27,화성시,차량등록사업소,031-5189-3304,18588,경기도 화성시 향남읍 향남로 470,경기도 화성시 향남읍 도이리 산31-6,37.1374720666,126.9240117072
2022-05-27,화성시,"화성시보건소(보건행정과,감염병관리과)",031-5189-255-1~7,18596,경기도 화성시 향남읍 3.1만세로 1055,경기도 화성시 향남읍 발안리 309,37.1292813141,126.9045638397
2022-05-27,화성시,화성시보건소(건강증진과),031-5189-6211,18301,경기도 화성시 봉담읍 동화새터길 109,경기도 화성시 봉담읍 동화리 614,37.2170603625,126.9611197582
2022-05-27,화성시,동탄보건소(보건행정과),031-5189-4377,18460,경기도 화성시 노작로 226-9,경기도 화성시 노작로 226-9,37.2070260886,127.0785629249
2022-05-27,화성시,동탄보건소(건강증진과),031-5189-6967,18497,경기도 화성시 동탄순환대로 13,경기도 화성시 송동 717-5,37.1651405935,127.0949133888
2022-05-27,화성시,동부보건소,031-5189-4395,18412,경기도 화성시 떡전골로 72-3,경기도 화성시 병점동 400-6,37.2052852620,127.0349042449
2022-05-27,화성시,동탄1동,031-5189-466-0~9,18446,경기도 화성시 동탄반석로 195,경기도 화성시 반송동 86번지,37.2064524016,127.0719171482
2022-05-27,화성시,동탄3동,031-5189-4070,18431,경기도 화성시 동탄지성로 151,경기도 화성시 능동 1119번지,37.2099556428,127.0587565943
2022-05-27,화성시,동탄5동,031-5189-4951,18463,경기도 화성시 동탄영천로 84,경기도 화성시 영천동 539-9,37.2102326180,127.1039702208
2022-05-27,화성시,동탄7동,031-5189-5670,18501,경기도 화성시 동탄대로 8길 36,경기도 화성시 산척동 726,37.1704840136,127.1104631204
2022-05-27,화성시,농업기술센터,031-5189-3605,18583,경기도 화성시 장안면 풍무길80번길 53-20,경기도 화성시 장안면 독정리 1290,37.0768935313,126.8735296101
2022-05-27,화성시,지역개발사업소,031-5189-3232,18588,경기도 화성시 향남읍 향남로 470,경기도 화성시 향남읍 도이리 산31-6,37.1374720666,126.9240117072
2022-05-27,화성시,환경사업소,031-5189-6701,18588,경기도 화성시 향남읍 향남로 470 환경사업소,경기도 화성시 향남읍 도이리 산31-6,37.1374720666,126.9240117072
2022-05-06,광명시,철산2동,02-2680-6609,14215,경기도 광명시 시청로 61,경기도 광명시 철산동 160-4번지,37.484689,126.866622
2022-05-06,광명시,일직동,02-2680-5800,14345,경기도 광명시 양지로 19 6층,경기도 광명시 일직동 512-3번지 6층,37.4189383584,126.8826932620
2022-04-16,오산시,중앙동행정복지센터,031-8036-6200,18135,경기도 오산시 경기대로 307 (오산동),경기도 오산시 오산동 850-1,37.152003,127.072989
2022-04-16,오산시,오산시차량등록사업소,031-8036-6090,18119,경기도 오산시 청학로 98(궐동),경기도 오산시 궐동 94,37.157522,127.065117
2022-04-16,오산시,초평동행정복지센터,031-8036-6350,18127,경기도 오산시 초평중앙로 77(벌음동),경기도 오산시 벌음동 277,37.140084,127.044256
2022-04-16,오산시,대원동행정복지센터,031-8036-6230,18143,경기도 오산시 오산로132번길 28 (원동),경기도 오산시 원동 404-8,37.138617,127.071723
2022-04-16,오산시,남촌동행정복지센터,031-8036-6260,18119,경기도 오산시 청학로 55-5 (청학동),경기도 오산시 청학동 16-6,37.1545873,127.0634552
2022-04-16,오산시,세마동행정복지센터,031-8036-6327,18105,경기도 오산시 독산성로 419 (세교동),경기도 오산시 세교동 595-2,37.1883003,127.0408236
2022-04-16,오산시,오산시청,031-8036-8036,18132,경기도 오산시 성호대로 141 (오산동),경기도 오산시 오산동 915,37.1490355,127.0776652
2022-04-16,오산시,오산시환경사업소,031-8036-8036,18130,경기도 오산시 오산천로 72 (오산동),경기도 오산시 오산동 750,37.141218,127.0646907
2022-04-16,오산시,신장동행정복지센터,031-8036-6290,18108,경기도 오산시 문헌공로 45(금암동),경기도 오산시 금암동 495-2,37.176331,127.054489
2021-12-01,동두천시,소요동행정복지센터,031-860-3154,11307,경기도 동두천시 평화로 2706,경기도 동두천시 동두천동 262,37.92948972,127.0572543
2021-12-01,동두천시,불현동행정복지센터,031-860-3094,11358,경기도 동두천시 행선로 123,경기도 동두천시 생연동 348,37.89851268,127.0624376
2021-12-01,동두천시,보산동행정복지센터,031-860-3073,11309,경기도 동두천시 싸리말로 28,경기도 동두천시 보산동 314-5,37.91764210,127.0613165
2021-12-01,동두천시,중앙동행정복지센터,031-860-3053,11328,경기도 동두천시 생연로 172,경기도 동두천시 생연동 587-16,37.90775728,127.0532394
2021-12-01,동두천시,생연2동행정복지센터,031-860-3033,11331,경기도 동두천시 생연로 95,경기도 동두천시 생연동 810-5,37.90121789,127.0499055
2021-12-01,동두천시,생연1동행정복지센터,031-860-3013,11318,경기도 동두천시 장고갯로 140,경기도 동두천시 생연동 216-2,37.90739411,127.0658974
2021-12-01,동두천시,동두천시의회,031-860-2525,11317,경기도 동두천시 방죽로 23,경기도 동두천시 생연동 457-9,37.90341068,127.0615412
2021-12-01,동두천시,시립도서관,031-860-3261,11338,경기도 동두천시 상패로 60,경기도 동두천시 상패동 54-1,37.90668936,127.0476261
2021-12-01,동두천시,환경사업소,031-860-3194,11301,경기도 동두천시 봉동로 27,경기도 동두천시 상봉암동 173번지,37.94587591,127.0574491
2021-12-01,동두천시,동두천시청,031-865-7101,11317,경기도 동두천시 방죽로 23,경기도 동두천시 생연동 457-9,37.90341068,127.0615412
2021-12-01,동두천시,종합운동장,031-860-3330,11320,경기도 동두천시 어등로 45,경기도 동두천시 생연동 70,37.90083977,127.0704987
2021-12-01,동두천시,꿈나무정보도서관,031-860-3281,11349,경기도 동두천시 지행로 38,경기도 동두천시 지행동 717-4,37.89215013,127.0514001
2021-12-01,동두천시,평생교육원,031-860-3311,11350,경기도 동두천시 중앙로 110-18,경기도 동두천시 지행동 722-1,37.89088078,127.0532318
2021-12-01,동두천시,시민회관,031-860-3242,11340,경기도 동두천시 어수로 4,경기도 동두천시 상패동 122,37.90526403,127.0430631
2021-12-01,동두천시,보건소,031-860-3372,11344,경기도 동두천시 중앙로 167,경기도 동두천시 생연동 714-9,37.89661147,127.0517171
2021-12-01,동두천시,두드림뮤직센터,031-860-2727,11324,경기도 동두천시 상패로216번길 42,경기도 동두천시 보산동 429-4,37.91584622,127.0565068
2021-12-01,동두천시,아름다운문화센터,031-860-3323,11350,경기도 동두천시 중앙로 110-18,경기도 동두천시 지행동 722-1,37.89088078,127.0532318
2021-12-01,동두천시,상패동행정복지센터,031-860-3175,11340,경기도 동두천시 어수로 8,경기도 동두천시 상패동 122-2,37.90537169,127.0442776
2021-12-01,동두천시,광암동다목적회관,031-860-3094,11322,경기도 동두천시 광암로61번길 21,경기도 동두천시 광암동 183-2,37.89373486,127.0891779
2021-12-01,동두천시,농업기술정보센터,031-860-3326,11340,경기도 동두천시 강변서로 349,경기도 동두천시 상패동 307-7,37.89630485,127.0435672
2021-12-01,동두천시,청소년수련관,031-867-7942,11362,경기도 동두천시 지행로 95,경기도 동두천시 지행동 284-1,37.89312738,127.0578128
2021-12-01,동두천시,CCTV통합관제센터,031-860-2834,11330,경기도 동두천시 중앙로 249,경기도 동두천시 생연동 665-2,37.90399848,127.0533822
2021-12-01,동두천시,자유수호평화박물관,031-860-3330,11307,경기도 동두천시 평화로2910번길 96-63,경기도 동두천시 상봉암동 162-10,37.94250187,127.0660561
2021-12-01,동두천시,경기북북어린이박물관,031-860-2860,11307,경기도 동두천시 평화로2910번길 46,경기도 동두천시 상봉암동 162-3,37.94467222,127.0644517
2021-12-01,동두천시,꿈나무정보도서관,031-860-3281,11349,경기도 동두천시 지행로 38,경기도 동두천시 지행동 717-4,37.89215013,127.0514001
2021-12-01,동두천시,동두천커뮤니센터,031-860-2275,11324,경기도 동두천시 중앙로361번길 19,경기도 동두천시 보산동 426-34,37.91400227,127.0568827
2021-12-01,동두천시,남산모루작은도서관,031-866-7970,11337,경기도 동두천시 상패로 138,경기도 동두천시 상패동 20-1,37.91211561,127.0513424
2021-12-01,동두천시,운동장작은도서관,031-860-3295,11319,경기도 동두천시 어등로 50,경기도 동두천시 생연동 80,37.89938432,127.0696877
2021-12-01,동두천시,어수정작은도서관,031-860-3275,11328,경기도 동두천시 중앙로 283,경기도 동두천시 생연동 605-4,37.90677664,127.0541529
2021-12-01,동두천시,송내동행정복지센터,031-860-3134,11350,경기도 동두천시 동두천로 97,경기도 동두천시 지행동 722-3,37.89020657,127.0539089
2021-12-01,동두천시,EM센터,031-860-2102,11302,경기도 동두천시 강변로 872,경기도 동두천시 동두천동 432-1,37.94229789,127.0563815
2021-12-01,동두천시,재활용센터,031-860-2102,11302,경기도 동두천시 강변로 872,경기도 동두천시 동두천동 432-1,37.94229789,127.0563815
2021-12-01,동두천시,동두천국민체육센터,031-860-3276,11360,경기도 동두천시 천보산로 688,경기도 동두천시 탑동동 799,37.89056124,127.0921526
2021-12-01,동두천시,동두천시치매안심센터,031-860-3395,11344,경기도 동두천시 중앙로 167,경기도 동두천시 생연동 714-9,37.89661147,127.0517171
2021-12-01,동두천시,동두천시정신건강복지센터,031-860-3433,11344,경기도 동두천시 중앙로 167,경기도 동두천시 생연동 714-9,37.89661147,127.0517171
2021-08-12,부천시,신중동 행정복지센터,032-320-3000,14537,경기도 부천시 석천로209번길 15 (중동),경기도 부천시 중동 1032,37.5060501456,126.7625910911
2021-08-12,부천시,심곡동 행정복지센터,032-320-3000,14639,경기도 부천시 부흥로424번길 25 (심곡동),경기도 부천시 심곡동 135-3,37.4874119724,126.7870848289
2021-08-12,부천시,상동 행정복지센터,032-320-3000,14589,경기도 부천시 조마루로 95 (상동),경기도 부천시 상동 557-7,37.5006340577,126.7541024914
2021-08-12,부천시,대상동 행정복지센터,032-320-3000,14712,경기도 부천시 심곡로9번길 54 (심곡본동),경기도 부천시 심곡본동 665-13,37.4824341188,126.7790043275
2021-08-12,부천시,중동 행정복지센터,032-320-3000,14626,경기도 부천시 부일로 342 (중동),경기도 부천시 중동 801,37.4878124882,126.7681853405
2021-08-12,부천시,성곡동 행정복지센터,032-320-3000,14463,경기도 부천시 성오로 25 (여월동),경기도 부천시 여월동 10-36,37.5167535447,126.8031949954
2021-08-12,부천시,범안동 행정복지센터,032-320-3000,14697,경기도 부천시 범안로 38 (괴안동),경기도 부천시 괴안동 72,37.4784208043,126.8068968829
2021-08-12,부천시,오정동 행정복지센터,032-320-3000,14434,경기도 부천시 성오로 172 (오정동),경기도 부천시 오정동 129,37.5283486197,126.7960258927
2021-08-12,부천시,부천동 행정복지센터,032-320-3000,14566,경기도 부천시 부천로136번길 27(원미동),경기도 부천시 원미동 71,37.4967327440,126.7875117251
2021-08-12,부천시,소사본동 행정복지센터,032-320-3000,14692,경기도 부천시 경인옛로 73 (소사본동),경기도 부천시 소사본동 64,37.4800468247,126.7999476877
2021-06-28,시흥시,시흥시청,031-310-2114,14998,경기도 시흥시 시청로 20 (장현동),경기도 시흥시 장현동 300번지,37.38042164,126.8040627
2021-06-28,시흥시,정왕본동,031-310-4517,15048,경기도 시흥시 역전로 228 (정왕동),경기도 시흥시 정왕동 2149-3번지,37.34941045,126.7460102
2021-06-28,시흥시,매화동,031-310-4422,14939,경기도 시흥시 매화로 22 (매화동),경기도 시흥시 매화동 77-8번지,37.41800983,126.8153391
2021-06-28,시흥시,대야동,031-310-3782,14902,경기도 시흥시 소래산길 11 (대야동),경기도 시흥시 대야동 332-1번지,37.44850588,126.7846949
2021-06-28,시흥시,능곡동,031-310-4746,14992,경기도 시흥시 능곡로 140 (능곡동),경기도 시흥시 능곡동 710번지,37.36641926,126.8157208
2021-06-28,시흥시,연성동,031-310-4692,14998,경기도 시흥시 새재로 30 (장현동),경기도 시흥시 장현동 272-9번지,37.38153284,126.8034579
2021-06-28,시흥시,과림동,031-310-4662,14932,경기도 시흥시 금오로 383 (과림동),경기도 시흥시 과림동 490-11번지,37.43687195,126.8328847
2021-06-28,시흥시,정왕3동,031-310-4611,15030,경기도 시흥시 정왕대로53번길 38 (정왕동),경기도 시흥시 정왕동 1866-1번지,37.35760849,126.7264475
2021-06-28,시흥시,군자동,031-310-4484,15069,경기도 시흥시 도일로102번길 11 (거모동),경기도 시흥시 거모동 1660-2번지,37.3400136,126.7850215
2021-06-28,시흥시,월곶동,031-310-4772,14966,경기도 시흥시 월곶중앙로 54 (월곶동),경기도 시흥시 월곶동 1006-1번지,37.38870833,126.7395071
2021-06-28,시흥시,신천동,031-310-4332,14953,경기도 시흥시 포도원로 72 (신천동),경기도 시흥시 신천동 265-2번지,37.4354739,126.7817868
2021-06-28,시흥시,신현동,031-310-4362,14957,경기도 시흥시 신현로 46 (포동),경기도 시흥시 포동 20-33번지,37.40618284,126.7846101
2021-06-28,시흥시,정왕4동,031-310-4632,15020,경기도 시흥시 함송로29번길 23 (정왕동),경기도 시흥시 정왕동 1878-13번지,37.36550092,126.7322523
2021-06-28,시흥시,목감동,031-310-4452,14985,경기도 시흥시 목감우회로 23 (조남동),경기도 시흥시 조남동 697번지,37.38165547,126.8587735
2021-06-28,시흥시,은행동,031-310-4393,14922,경기도 시흥시 수인로3247번길 25 (은행동),경기도 시흥시 은행동 113-9번지,37.43645051,126.7979861
2021-06-28,시흥시,배곧동,031-310-6782,15011,"경기도 시흥시 서울대학로278번길 61 (정왕동, 베니스스퀘어)",경기도 시흥시 정왕동 2537-2번지,37.36818714,126.7306718
2021-06-28,시흥시,장곡동,031-310-4752,15002,경기도 시흥시 인선길 14 (장곡동),경기도 시흥시 장곡동 344번지,37.37745021,126.7874332
2021-06-28,시흥시,정왕2동,031-310-4581,15038,경기도 시흥시 정왕대로 122 (정왕동),경기도 시흥시 정왕동 1849-1번지,37.35103969,126.7289512
2021-06-28,시흥시,정왕1동,031-310-4542,15063,경기도 시흥시 정왕대로298번길 15 (정왕동),경기도 시흥시 정왕동 1785-3번지,37.34026129,126.7439841
2021-06-23,연천군,전곡고등학교,031-832-2088,11025,경기도 연천군 전곡읍 전은길 9-89,경기도 연천군 전곡읍 은대리 506-1,38.0352260528,127.0691781081
2021-06-23,연천군,연천중학교,031-834-1428,11013,경기도 연천군 연천읍 연천로336번길 13,경기도 연천군 연천읍 현가리 51-1,38.1082203173,127.0766659121
2021-06-23,연천군,전곡중학교,031-832-2224,11025,경기도 연천군 전곡읍 전은길 21,경기도 연천군 전곡읍 전곡리 396-1,38.0343050876,127.0711890405
2021-06-23,연천군,군남중학교,031-833-8260,11007,경기도 연천군 군남면 진상17길46,경기도 연천군 군남면 진상리 704-1,38.0673908263,127.0154883092
2021-06-23,연천군,청산중학교,031-835-3484,11020,경기도 연천군 청산면 아우라지길 13-32,경기도 연천군 청산면 궁평리 550-1,38.0348374997,127.1075024063
2021-06-23,연천군,백학중학교,031-835-5039,11048,경기도 연천군 백학면 두일로 79,경기도 연천군 백학면 두일리 568-2,38.0267036934,126.9083576900
2021-06-23,연천군,대광중학교,031-834-8438,11000,경기도 연천군 신서면 연신로 1127-1,경기도 연천군 신서면 도신리 245-1,38.1830259643,127.1053955704
2021-06-23,연천군,연천초등학교,031-834-1430,11017,경기도 연천군 연천읍 연천로 228,경기도 연천군 연천읍 차탄리 72,38.0977066453,127.0753123592
2021-06-23,연천군,전곡초등학교,031-832-2081,11032,경기도 연천군 전곡읍 선사로 433,경기도 연천군 전곡읍전곡리 331-1,38.0276387527,127.0720482732
2021-06-23,연천군,군남초등학교,031-833-2365,11007,경기도 연천군 군남면 진상17길46,경기도 연천군 군남면 진상리 704-1,38.0673908263,127.0154883092
2021-06-23,연천군,궁평초등학교,031-835-1117,11020,경기도 연천군 청산면 궁평로45번길 52,경기도 연천군 청산면 궁평리 496-1,38.0280680559,127.1045646536
2021-06-23,연천군,초성초등학교,031-832-4007,11023,경기도 연천군 청산면 학담로 104,경기도 연천군 청산면 초성리 223-1,37.9981637389,127.0736774649
2021-06-23,연천군,백학초등학교,031-835-5011,11048,경기도 연천군 백학면 백학로40번길 23,경기도 연천군 백학면 두일리 15,38.0316002108,126.9215588498
2021-06-23,연천군,연천왕산초등학교,031-833-7880,11044,경기도 연천군 미산면 왕산로 15,경기도 연천군 미산면 우정리 397,38.0562415803,127.0110138298
2021-06-23,연천군,연천군법원,031-834-3476,11013,경기도 연천군 연천읍 연천로 376,경기도 연천군 연천읍 현가리 45-2,38.1105780498,127.0756713075
2021-06-23,연천군,연천군선거관리위원회,031-834-0170,11012,경기도 연천군 연천읍 차옥로 3,경기도 연천군 연천읍 차탄리 748,38.0968816524,127.0764690198
2021-06-23,연천군,연천우체국,031-834-0003,11013,경기도 연천군 연천읍 연천로 280,경기도 연천군 연천읍 차탄리 34-7,38.1018613247,127.0752655008
2021-06-23,연천군,군남우체국,031-833-7001,11006,경기도 연천군 군남면 군남로 406,경기도 연천군 군남면 삼거리413-3,38.0837464807,127.0192915359
2021-06-23,연천군,초성우체국,031-832-1403,11023,경기도 연천군 청산면 학담로 89번길 5,경기도 연천군 청산면 초성리 214-4,37.9969483454,127.0715660870
2021-06-23,연천군,미산우체국,031-833-7301,11044,경기도 연천군 미산면 청정로 1734,경기도 연천군 미산면 우정리 405-6,38.0538290292,127.0117023694
2021-06-23,연천군,연천소방서,031-830-0119,11025,경기도 연천군 전곡읍 평화로 892,경기도 연천군 전곡읍 은대리 422-4,38.0483373926,127.0685656081
2021-06-23,연천군,전곡119안전센터,031-830-0511,11031,경기도 연천군 전곡읍 전곡로 27,경기도 연천군 전곡읍 전곡리 229-2,38.0162371735,127.0719436944
2021-06-23,연천군,백학119안전센터,031-830-0531,11049,경기도 연천군 백학면 통구리 1067,경기도 연천군 백학면 두일리 370,38.0174127248,126.9139918901
2021-06-23,연천군,청산119지역대,031-830-0516,11021,경기도 연천군 전곡읍 청창로 721-4,경기도 연천군 청산면 백으리 822-4,38.0242129427,127.1359974032
2021-06-23,연천군,왕징119지역대,031-830-0508,11044,경기도 연천군 왕징면 왕산로 44-1,경기도 연천군 왕징면 무등리 8-2,38.0584914181,127.0123781174
2021-06-23,연천군,신서119지역대,031-830-0526,11000,경기도 연천군 신서면 연신로 1134,경기도 연천군 신서면 도신리 285-2,38.1830304843,127.1067428986
2021-06-23,연천군,보건의료원,031-839-4014,11027,경기도 연천군 전곡읍 은대성로 95,경기도 연천군 전곡읍 은대리 577-36,38.0235512237,127.0609862377
2021-06-23,연천군,농업기술센터,031-839-4201,11013,경기도 연천군 연천읍 차현로 139,경기도 연천군 연천읍 차탄리 1-1,38.1040569576,127.0768039962
2021-06-23,연천군,통일평생교육원,031-839-4434,11037,경기도 연천군 전곡읍 전곡역로 66번길 53,경기도 연천군 전곡읍 전곡리 333-84,38.0222210543,127.0717721672
2021-06-23,연천군,연천읍행정복지센터,031-839-2601,11013,경기도 연천군 연천읍 연천로 302,경기도 연천군 연천읍 차탄리 4-4,38.1036381047,127.0756202024
2021-06-23,연천군,전곡읍행정복지센터,031-839-2602,11027,경기도 연천군 전곡읍 은전로 45,경기도 연천군 전곡읍 은대리 573,38.0279865448,127.0636829653
2021-06-23,연천군,군남면행정복지센터,031-839-2603,11006,경기도 연천군 군남면 군남로 417,경기도 연천군 군남면 삼거리 400-5,38.0851875866,127.0190654433
2021-06-23,연천군,청산면행정복지센터,031-839-2604,11023,경기도 연천군 청산면 청신로 71,경기도 연천군 청산면 초성리 440-15,37.9817388317,127.0677829625
2021-06-23,연천군,미산면행정복지센터,031-839-2606,11045,경기도 연천군 미산면 유노로 110,경기도 연천군 미산면 유촌리 384-2,38.0474311724,126.9928256683
2021-06-23,연천군,왕징면행정복지센터,031-839-2607,11044,경기도 연천군 왕징면 왕산로 44,경기도 연천군 왕징면 무등리 8-2,38.0585291696,127.0127882249
2021-06-23,연천군,중면행정복지센터,031-839-2609,11004,경기도 연천군 중면 군중로 400,경기도 연천군 중면 삼곶리 302,38.1358298234,127.0190984180
2021-06-23,연천군,연천경찰서,031-830-0200,11014,경기도 연천군 연천읍 연천로 239,경기도 연천군 연천읍 차탄리 34-56,38.0982867177,127.0737237027
2021-06-23,연천군,연천파출소,031-834-1112,11012,경기도 연천군 연천읍 문화로 67-1,경기도 연천군 연천읍 문화로 67-1,38.0996246152,127.0773313913
2021-06-23,연천군,전곡파출소,031-832-2112,11031,경기도 연천군 전곡읍 선사로 410,경기도 연천군 전곡읍 전곡리 328-40,38.0255895489,127.0736211370
2021-06-23,연천군,군남파출소,031-833-8222,11006,경기도 연천군 군남면 군남로 407,경기도 연천군 군남면 삼거리 400-14,38.0840327792,127.0187765355
2021-06-23,연천군,백학파출소,031-835-5112,11048,경기도 연천군 백학면 청정로 534-1,경기도 연천군 백학면 두일리 367-3,38.0307136965,126.9172473133
2021-06-23,연천군,청산파술소,031-832-4112,11023,경기도 연천군 청산면 평화로 229,경기도 연천군 청산면 초성리 187-7,37.9940398273,127.0698177308
2021-06-23,연천군,왕징파출소,031-833-9112,11044,경기도 연천군 왕징면 왕산로 28번길 3,경기도 연천군 왕징면 무등리 17-,38.0572593067,127.0130132181
2021-06-23,연천군,신서파출소,031-834-8142,11000,경기도 연천군 신서면 연신로 1153,경기도 연천군 신서면 도신리 285-11,38.1847803432,127.1071673953
2021-06-23,연천군,연천교육지원청,031-839-0212,11013,경기도 연천군 연천읍 연천로 356-1,경기도 연천군 연천읍 현가리 43-13,38.1088220565,127.0760806992
2021-06-23,연천군,맑은물관리사업소,031-839-4301,11006,경기도 연천군 군남면 솔너머길 101,경기도 연천군 군남면 선곡리 600,38.1061117955,127.0221733739
2021-06-23,연천군,백학면행정복지센터,031-839-2605,11048,경기도 연천군 백학면 청정로 534,경기도 연천군 백학면 두일리 370,38.0303805770,126.9173183189
2021-06-23,연천군,연천군청,031-839-2114,11017,경기도 연천군 연천읍 연천로 220,경기도 연천군 연천읍 차탄리 290-1,38.0965166652,127.0752280078
2021-06-23,연천군,신서면행정복지센터,031-839-2608,11000,경기도 연천군 신서면 연신로 1130,경기도 연천군 신서면 도신리 285-2,38.1829500990,127.1069602770
2021-06-23,연천군,장남면행정복지센터,031-839-2610,11050,경기도 연천군 장남면 장백로 244,경기도 연천군 장남면 원당리 681-5,37.9817681892,126.8842026759
2021-06-23,연천군,연천고등학교,031-834-1427,11013,경기도 연천군 연천읍 연천로336번길 13,경기도 연천군 연천읍 현가리 51-1,38.1082203173,127.0766659121
2021-06-23,연천군,화요일아침예술학교,070-8891-3830,11040,경기도 연천군 전곡읍 양원로268번길 106-125,경기도 연천군 전곡읍 양원리 764,37.9664793409,127.0210589578
2021-06-23,연천군,상리초등학교,031-834-1432,11009,경기도 연천군 연천읍 상리로 70,경기도 연천군 연천읍 상리 161-2,38.1353788221,127.0751055427
2021-06-23,연천군,은대초등학교,031-835-7616,11024,경기도 연천군 전곡읍 은대로 210,경기도 연천군 전곡읍 은대리 710-19,38.0528680687,127.0605262381
2021-06-23,연천군,화진초등학교,031-832-5366,11008,경기도 연천군 군남면 청정로 2289,경기도 연천군 군남면 황지리 345-2,38.0306192975,127.0402971834
2021-06-23,연천군,백의초등학교,031-835-3473,11021,경기도 연천군 청산면 청창로726번길38,경기도 연천군 청산면 백의리 824-24,38.0229002694,127.1341239934
2021-06-23,연천군,연천노곡초등학교,031-835-5067,11049,경기도 연천군 백학면 진목로 26,경기도 연천군 백학면 노곡리 714-2,37.9990219416,126.9166667502
2021-06-23,연천군,대광초등학교,031-834-8915,11000,경기도 연천군 신서면 연신로 1127-1,경기도 연천군 신서면 도신리 245-1,38.1830259643,127.1053955704
2021-06-23,연천군,연천등기소,031-834-0009,11013,경기도 연천군 연천읍 연천로 376,경기도 연천군 연천읍 현가리 45-2,38.1105780498,127.0756713075
2021-06-23,연천군,전곡우체국,031-832-0100,11034,경기도 연천군 전곡읍 전곡역로 69,경기도 연천군 전곡읍 전곡리 333-11,38.0244788983,127.0705740942
2021-06-23,연천군,청산우체국,031-835-3404,11020,경기도 연천군 청산면 아우라지길4,경기도 연천군 청산면 궁평리 53-1,38.0318680755,127.1089425937
2021-06-23,연천군,백학우체국,031-835-5205,11048,경기도 연천군 백학면 두백로 21,경기도 연천군 백학면 두일리519-11,38.0310421272,126.9144188682
2021-06-23,연천군,대광우체국,031-834-8001,11000,경기도 연천군 신서면 연신로 1151,경기도 연천군 신서면 도신리285-1,38.1846899899,127.1070993695
2021-06-23,연천군,연천119안전센터,031-830-0521,11012,경기도 연천군 연천읍 차현로 92,경기도 연천군 연천읍 차탄리 645,38.0994424769,127.0768078007
2021-06-23,연천군,군남119지역대,031-830-0507,11006,경기도 연천군 군남면 군남로 402,경기도 연천군 군남면 삼거리 413-15,38.0834756406,127.0191792821
2021-06-16,남양주시,수동면,031-590-2628,12031,경기도 남양주시 수동면 비룡로 729,경기도 남양주시 수동면 운수리 95-2번지,37.7036189725,127.3259208320
2021-06-16,남양주시,양정동,031-590-2654,12242,경기도 남양주시 홍유릉로 55,경기도 남양주시 일패동 466-10번지,37.6163532183,127.1871376217
2021-06-16,남양주시,평내동,031-590-2652,12223,경기도 남양주시 경춘로 1286,경기도 남양주시 평내동 588-2번지,37.6483984218,127.2360764571
2021-06-16,남양주시,조안면,031-590-2629,12282,경기도 남양주시 조안면 북한강로 120,경기도 남양주시 조안면 조안리 173-3번지,37.5358880470,127.3034473118
2021-06-16,남양주시,금곡양정 행정복지센터,031-590-2663,12238,경기도 남양주시 홍유릉로 350,경기도 남양주시 금곡동 434-12번지,37.6320752793,127.2056698947
2021-06-16,남양주시,호평평내 행정복지센터,031-590-2651,12151,경기도 남양주시 호평로68번길 21,경기도 남양주시 호평동 669번지,37.6545736558,127.2489446220
2021-06-16,남양주시,별내 행정복지센터,031-590-8094,12112,경기도 남양주시 별내3로 64-21,경기도 남양주시 별내동 1028번지,37.6461588019,127.1218784820
2021-06-16,남양주시,별내면,031-590-2606,12090,경기도 남양주시 별내면 청학로8번길 22,경기도 남양주시 별내면 광전리 122-6번지,37.7027000851,127.1248699119
2021-06-16,남양주시,동부출장소,031-590-8611,12190,경기도 남양주시 화도읍 경춘로2192번길 8-11,경기도 남양주시 화도읍 월산리 371-2번지,37.6532959907,127.3312532523
2021-06-16,남양주시,진접오남 행정복지센터,031-590-2622,12009,경기도 남양주시 진접읍 금강로 1509-26,경기도 남양주시 진접읍 장현리 68-39번지,37.7263415045,127.1898415502
2021-06-16,남양주시,남양주시청 제1청사,031-590-2114,12232,경기도 남양주시 경춘로 1037,경기도 남양주시 금곡동 185-10번지,37.6366920245,127.2174958647
2021-06-16,남양주시,다산2동,031-590-2655,12284,경기도 남양주시 다산지금로16번길 75,경기도 남양주시 다산동 3065번지,37.6076432375,127.1695110660
2021-06-16,남양주시,퇴계원읍,031-590-4935,12123,경기도 남양주시 퇴계원읍 도제원로 13,경기도 남양주시 퇴계원읍 퇴계원리 221-3번지,37.6489877221,127.1446608153
2021-06-16,남양주시,오남읍,031-590-2625,12036,경기도 남양주시 오남읍 진건오남로 806-34,경기도 남양주시 오남읍 양지리 96-10번지,37.6985739461,127.2048400136
2021-06-16,남양주시,다산 행정복지센터,031-590-1937,12248,경기도 남양주시 다산중앙로 7,경기도 남양주시 다산동 6150번지,37.6139217042,127.1555352229
2021-06-16,남양주시,진건퇴계원 행정복지센터,031-590-2604,12140,경기도 남양주시 진건읍 진건오남로 41-19,경기도 남양주시 진건읍 사능리 645-1번지,37.6546438579,127.1776921418
2021-06-16,남양주시,남양주시청 제2청사,031-590-2114,12284,경기도 남양주시 경춘로 522,경기도 남양주시 다산동 3159-7번지,37.6103498723,127.1704394905
2021-06-16,남양주시,와부조안 행정복지센터,031-590-2621,12212,경기도 남양주시 와부읍 월문천로 35,경기도 남양주시 와부읍 덕소리 117-1번지,37.5854675636,127.2171119172
2021-06-16,남양주시,화도수동 행정복지센터,031-590-2633,12173,경기도 남양주시 화도읍 비룡로 59,경기도 남양주시 화도읍 마석우리 548번지,37.6578542222,127.3007227034
2021-04-13,이천시,이천시청,031-644-2000,17379,경기도 이천시 부악로 40,경기도 이천시 중리동 490번지,37.272374,127.435044
2021-04-13,이천시,부발읍행정복지센터,031-633-0461,17324,경기도 이천시 부발읍 무촌로 121,경기도 이천시 부발읍 무촌리 168-8,37.283856,127.486907
2021-04-13,이천시,마장면행정복지센터,031-632-2001,17387,경기도 이천시 마장면 오천로 107,경기도 이천시 마장면 오천리 62-4,37.249129,127.357926
2021-04-13,이천시,신둔면행정복지센터,031-632-7001,17303,경기도 이천시 신둔면 경충대로 3128,경기도 이천시 신둔면 수광리 153-1,37.306469,127.404025
2021-04-13,이천시,모가면행정복지센터,031-632-3001,17408,경기도 이천시 모가면 진상미로 1295,경기도 이천시 모가면 진가리 114-6,37.171863,127.480154
2021-04-13,이천시,장호원읍행정복지센터,031-641-3001,17422,경기도 이천시 장호원읍 서동대로 8844-6,경기도 이천시 장호원읍 진암리 17-21,37.115146,127.616798
2021-04-13,이천시,증포동행정복지센터,031-633-1002,17346,경기도 이천시 증신로156번길 15,경기도 이천시 증포동 182-5,37.290389,127.452551
2021-04-13,이천시,율면행정복지센터,031-644-8001,17423,경기도 이천시 율면 고당로 132,경기도 이천시 율면 고당리 241-5,37.094528,127.546449
2021-04-13,이천시,설성면행정복지센터,031-641-6001,17411,경기도 이천시 설성면 설장로17번길 6-5,경기도 이천시 설성면 금당리 126-1,37.132645,127.522044
2021-04-13,이천시,대월면행정복지센터,031-632-1001,17343,경기도 이천시 대월면 사동로 1-10,경기도 이천시 대월면 초지리 220,37.230044,127.492405
2021-04-13,이천시,호법면행정복지센터,031-632-9001,17394,경기도 이천시 호법면 이섭대천로527번길 27,경기도 이천시 호법면 후안리 246,37.223229,127.424897
2021-04-13,이천시,백사면행정복지센터,031-644-8532,17312,경기도 이천시 백사면 현방로 65,경기도 이천시 백사면 현방리 87-7,37.339014,127.490691
2021-04-13,이천시,중리동행정복지센터,031-633-9003,17375,경기도 이천시 남천로 31,경기도 이천시 중리동 187,37.278087,127.441774
2021-04-13,이천시,창전동행정복지센터,031-633-9001,17365,경기도 이천시 영창로163번길 22,경기도 이천시 창전동 420-9,37.283097,127.441148
2020-07-14,양주시,시립도서관-장흥작은도서관,031-844-0987,11523,경기도 양주시 장흥면 호국로 470,경기도 양주시 장흥면 교현리 140,37.71373071,126.9693018
2020-07-14,양주시,시립도서관-광적도서관,031-8082-7480,11419,경기도 양주시 광적면 광적로42번길 5,경기도 양주시 광적면 가납리 857-2,37.823418,126.982719
2020-07-14,양주시,광적면행정복지센터,031-8082-7606,11419,경기도 양주시 광적면 가래비길 93,경기도 양주시 광적면 가납리 848-2,37.82458933,126.9836323
2020-07-14,양주시,백석파출소,031-867-9437,11504,경기도 양주시 백석읍 꿈나무로 142,경기도 양주시 백석읍 오산리 36-5,37.79645554,126.9904668
2020-07-14,양주시,백석우체국,031-879-2004,11508,경기도 양주시 백석읍 꿈나무로 7-5,경기도 양주시 백석읍 방성리 81-2,37.80540716,127.0005314
2020-07-14,양주시,덕계파출소,031-869-9431,11442,경기도 양주시 평화로 1427,경기도 양주시 덕계동 681-31,37.81822396,127.0456772
2020-07-14,양주시,양주2동행정복지센터,031-8082-7741,11493,경기도 양주시 고읍로 77,경기도 양주시 만송동 695,37.79689305,127.0803447
2020-07-14,양주시,회천1동행정복지센터,031-8082-7782,11450,경기도 양주시 덕정길 67,경기도 양주시 덕정동 140-1,37.84383275,127.0662082
2020-07-14,양주시,회천2동행정복지센터,031-8082-7801,11443,경기도 양주시 평화로1475번길 39,경기도 양주시 덕계동 467-8,37.82166554,127.0467574
2020-07-14,양주시,회천3동행정복지센터,031-8082-7824,11451,경기도 양주시 회정로 143,경기도 양주시 덕정동 206-6,37.83782645,127.0689196
2020-07-14,양주시,회천4동행정복지센터,031-8082-7843,11465,경기도 양주시 옥정로 397-7,경기도 양주시 율정동 609-6,37.83727149,127.0901715
2020-07-14,양주시,보건소,031-8082-7116,11498,경기도 양주시 부흥로 1533,경기도 양주시 남방동 1-1,37.78534893,127.0449188
2020-07-14,양주시,장흥보건지소,031-8082-7190,11520,경기도 양주시 장흥면 권율로 7,경기도 양주시 장흥면 일영리 137-2,37.71788509,126.9408766
2020-07-14,양주시,봉암보건진료소,031-863-5340,11425,경기도 양주시 은현면 봉암14길 6,경기도 양주시 은현면 봉암리 184-5,37.90772053,127.0074977
2020-07-14,양주시,연곡보건진료소,031-878-6290,11502,경기도 양주시 백석읍 부흥로419번길 26,경기도 양주시 백석읍 연곡리 241-2,37.81853277,126.9505046
2020-07-14,양주시,도시환경사업소,031-8082-6811,11447,경기도 양주시 평화로 1920,경기도 양주시 봉양동 932-6,37.85988168,127.0574032
2020-07-14,양주시,시립도서관-꿈나무도서관,031-8082-7401,11510,경기도 양주시 백석읍 꿈나무로 199,경기도 양주시 백석읍 오산리 548-4,37.79236464,126.9872752
2020-07-14,양주시,시립도서관-남면도서관,031-8082-7430,11404,경기도 양주시 남면 개나리17길 24,경기도 양주시 남면 신산리 268-6,37.899046,126.975932
2020-07-14,양주시,시립도서관-덕계도서관,031-8082-7450,11443,경기도 양주시 평화로1475번길 39,"경기도 양주시 덕계동 467-8 (회천2동복합청사 7,8층)",37.82166554,127.0467574
2020-07-14,양주시,시립도서관-양주희망도서관,031-8082-7460,11487,경기도 양주시 삼숭로38번길 78-47,경기도 양주시 삼숭동 202-36,37.795646,127.107486
2020-07-14,양주시,시립도서관-옥정호수도서관,031-8082-7470,11473,경기도 양주시 옥정동로 7길 110,경기도 양주시 옥정동 1035-1,37.822995,127.0885604
2020-07-14,양주시,양주경찰서,182-000-0000,11435,경기도 양주시 평화로 1699,경기도 양주시 회정동 84-7,37.84081437,127.0548961
2020-07-14,양주시,장흥파출소,031-869-9435,11520,경기도 양주시 장흥면 호국로 179,경기도 양주시 장흥면 일영리 139-4,37.71715373,126.9407055
2020-07-14,양주시,주내파출소,031-869-9434,11496,경기도 양주시 부흥로 1617,경기도 양주시 마전동 163-6,37.77912353,127.0516964
2020-07-14,양주시,고읍지구대,031-869-9433,11493,경기도 양주시 고읍로 83,경기도 양주시 만송동 695-3,37.79651917,127.0809285
2020-07-14,양주시,남면파출소,031-869-9439,11404,경기도 양주시 남면 개나리길 50,경기도 양주시 남면 신산리 285-183,37.8952284,126.9743632
2020-07-14,양주시,은현파출소,031-869-9438,11427,경기도 양주시 은현면 화합로941번길 336,경기도 양주시 은현면 선암리 196-16,37.86180978,127.0285352
2020-07-14,양주시,광적파출소,031-869-9436,11419,경기도 양주시 광적면 가래비길 54,경기도 양주시 광적면 가납리 741-2,37.82326017,126.986229
2020-07-14,양주시,양주소방서,031-849-8120,11504,경기도 양주시 백석읍 부흥로 1035번길 26,경기도 양주시 백석읍 오산리 513-1,37.79586973,126.9893961
2020-07-14,양주시,양주덕정동우체국,031-858-0001,11450,경기도 양주시 덕정길 29,경기도 양주시 덕정동 130-1,37.84418447,127.0639768
2020-07-14,양주시,양주2동우체국,031-845-2005,11493,경기도 양주시 고읍북로 5,경기도 양주시 만송동 695-2,37.79661986,127.0811316
2020-07-14,양주시,회천지구대,031-869-9430,11451,경기도 양주시 회정로 133,경기도 양주시 덕정동 206-3,37.83770242,127.0680463
2020-07-14,양주시,양주1동우체국,031-840-0004,11498,경기도 양주시 평화로 1009,경기도 양주시 남방동 17-2,37.78162197,127.0453186
2020-07-14,양주시,광적우체국,031-836-3004,11419,경기도 양주시 광적면 가래비6길 6,경기도 양주시 광적면 가납리 741-7,37.82350979,126.9859189
2020-07-14,양주시,은현우체국,031-863-5000,11427,경기도 양주시 은현면 은현로 73-36,경기도 양주시 은현면 선암리 342-33,37.87535545,127.0224355
2020-07-14,양주시,양주덕계우편취급국,031-863-0222,11443,경기도 양주시 평화로 1445,경기도 양주시 덕계동 466-18,37.81980938,127.0467472
2020-07-14,양주시,양주시청,031-8082-4114,11498,경기도 양주시 부흥로 1533,경기도 양주시 남방동 1-1,37.78534893,127.0449188
2020-07-14,양주시,백석읍행정복지센터,031-8082-7504,11516,경기도 양주시 백석읍 중앙로223번길 46,경기도 양주시 백석읍 오산리 532,37.7947803,126.9852893
2020-07-14,양주시,남면행정복지센터,031-8082-7572,11404,경기도 양주시 남면 개나리17길 6,경기도 양주시 남면 신산리 257-2,37.89761105,126.9768998
2020-07-14,양주시,장흥면행정복지센터,031-8082-7635,11520,경기도 양주시 장흥면 권율로 7,경기도 양주시 장흥면 일영리 137-2,37.71788509,126.9408766
2020-07-14,양주시,양주1동행정복지센터,031-8082-7706,11501,경기도 양주시 외미로64번길 45,경기도 양주시 남방동 119-4,37.7733586,127.0440739
2020-07-14,양주시,은남통합보건지소,031-8082-7180,11426,경기도 양주시 남면 화합로610번길 161-13,경기도 양주시 남면 상수리 204-11,37.87017502,127.0063074
2020-07-14,양주시,매곡보건진료소,031-8082-4850,11400,경기도 양주시 남면 휴암로443번길 29-4,경기도 양주시 남면 매곡리 305,37.8933298,126.9582108
2020-07-14,양주시,농업기술센터,031-8082-6104,11421,경기도 양주시 광적면 지섬로 162,경기도 양주시 광적면 광석리 278,37.82244338,126.9740864
2020-07-14,양주시,시립도서관-덕정도서관,031-8082-7420,11450,경기도 양주시 화합로1371번길 11,경기도 양주시 덕정동 151-53,37.84288075,127.0631866
2020-07-14,양주시,시립도서관-고읍도서관,031-8082-7440,11492,경기도 양주시 고읍남로 207,경기도 양주시 광사동 659,37.79169238,127.0847463
2020-07-14,양주시,은현면행정복지센터,031-8082-7545,11427,경기도 양주시 은현면 은현로 66,경기도 양주시 은현면 선암리 341-2,37.87509218,127.0243713
2020-04-08,김포시,장기본동행정복지센터,031-980-5221,10081,경기도 김포시 김포대로 1433,경기도 김포시 장기동 1338번지,37.65230893,126.671699
2020-04-08,김포시,풍무동행정복지센터,031-980-5384,10115,경기도 김포시 풍무로 74,경기도 김포시 풍무동 804번지,37.60214647,126.7220342
2020-04-08,김포시,장기동행정복지센터,031-980-5965,10088,경기도 김포시 김포한강2로 112,경기도 김포시 장기동 2055-2번지,37.63972679,126.6713337
2020-04-08,김포시,운양동행정복지센터,031-980-5811,10078,경기도 김포시 모담공원로 32,경기도 김포시 운양동 1326-1번지,37.65143782,126.6832166
2020-04-08,김포시,양곡도서관,031-5186-4830,10056,경기도 김포시 양촌읍 양곡4로197번길 40,경기도 김포시 양촌읍 양곡리 1240번지,37.6616235,126.6314373
2020-04-08,김포시,풍무도서관,031-5186-4870,10113,경기도 김포시 풍무로146번길 101(풍무동),경기도 김포시 풍무동 154-7번지,37.607539,126.729141
2020-04-08,김포시,평생학습관,031-980-5147,10109,경기도 김포시 사우중로3번길 13-17,경기도 김포시 사우동 262번지,37.6160720913,126.7143000090
2020-04-08,김포시,고촌읍행정복지센터,031-980-5265,10125,경기도 김포시 고촌읍 장차로 14,경기도 김포시 고촌읍 신곡리 530-1,37.60325127,126.7709616
2020-04-08,김포시,대곶면사무소,031-980-5327,10040,경기도 김포시 대곶면 율생중앙로 7-2,경기도 김포시 대곶면 율생리 530번지,37.64911886,126.582541
2020-04-08,김포시,하성면행정복지센터,031-980-5361,10011,경기도 김포시 하성면 애기봉로 845,경기도 김포시 하성면 마곡리 623-3번지,37.72017939,126.6313345
2020-04-08,김포시,사우동주민센터,031-980-5248,10108,경기도 김포시 돌문로 51,경기도 김포시 사우동 236-2번지,37.61930752,126.7167454
2020-04-08,김포시,구래동행정복지센터,031-980-5833,10071,경기도 김포시 김포한강9로115번길 25,경기도 김포시 구래동 6872-5번지,37.64647908,126.6236784
2020-04-08,김포시,마산동행정복지센터,031-5186-3158,10066,"경기도 김포시 김포한강3로 432, 골든하임 상가 1층",경기도 김포시 마산동 621-15번지 골든하임 상가 1층,37.6411175680,126.6440114201
2020-04-08,김포시,김포시청,031-980-2114,10109,경기도 김포시 사우중로 1,경기도 김포시 사우동 263-1번지,37.61522364,126.7157055
2020-04-08,김포시,경제국 임시청사,031-980-5011,10111,경기도 김포시 사우중로 108,경기도 김포시 사우동 922번지,37.6192103,126.718375
2020-04-08,김포시,보건소,031-980-5011,10111,경기도 김포시 사우중로 108,경기도 김포시 사우동 869번지,37.62371955,126.7231266
2020-04-08,김포시,농업기술센터,031-980-5081,10025,경기도 김포시 월곶면 오리정로 13,경기도 김포시 월곶면 갈산리 536-15번지,37.69481246,126.5561377
2020-04-08,김포시,상하수도사업소,031-980-5128,10123,경기도 김포시 고촌읍 신곡로 152,경기도 김포시 고촌읍 풍곡리 221번지,37.60642825,126.7628457
2020-04-08,김포시,장기도서관,031-5186-4680,10079,경기도 김포시 김포한강2로 42(장기동),경기도 김포시 장기동 2001-1번지,37.641871,126.676491
2020-04-08,김포시,중봉도서관,031-5186-4800,10106,경기도 김포시 봉화로130번길 26(북변동),경기도 김포시 북변동 226-37번지,37.6258068,126.7069315
2020-04-08,김포시,고촌도서관,031-5186-4850,10125,경기도 김포시 고촌읍 장차로 14,경기도 김포시 고촌읍 신곡리 530-1번지,37.6033599,126.7709609
2020-04-08,김포시,통진도서관,031-996-0750,10016,경기도 김포시 통진읍 조강로 132,경기도 김포시 통진읍 서암리 840-6번지,37.693983,126.5920603
2020-04-08,김포시,차량등록사업소,031-980-5166,10092,경기도 김포시 감암로 125,경기도 김포시 걸포동 1550-63번지,37.64340644,126.7081957
2020-04-08,김포시,통진읍행정복지센터,031-980-5302,10019,경기도 김포시 통진읍 김포대로 2250,경기도 김포시 통진읍 마송리 495번지,37.69065726,126.596332
2020-04-08,김포시,양촌읍행정복지센터,031-980-5286,10057,경기도 김포시 양촌읍 양곡1로68번길 37,경기도 김포시 양촌읍 양곡리 1554번지,37.65720336,126.6254299
2020-04-08,김포시,월곶면사무소,031-980-5345,10024,경기도 김포시 월곶면 군하로 263,경기도 김포시 월곶면 군하리 188-11번지,37.71516882,126.5527148
2020-04-08,김포시,김포본동행정복지센터,031-980-5201,10106,경기도 김포시 북변1로 13,경기도 김포시 북변동 703번지,37.62756683,126.7057395
2019-12-11,광명시,철산4동,02-2680-6611,14252,경기도 광명시 도덕공원로 60,경기도 광명시 철산동 489-2번지,37.474091,126.864502
2019-12-11,광명시,철산1동,02-2680-6608,14224,경기도 광명시 사성로 121,경기도 광명시 철산동 9-141번지,37.490742,126.867862
2019-12-11,광명시,광명시청,02-2680-2114,14234,경기도 광명시 시청로 20,경기도 광명시 철산동 222-1번지,37.479097,126.864846
2019-12-11,광명시,소하2동,02-2680-6617,14328,경기도 광명시 성채로 52,경기도 광명시 소하동 1383-1번지,37.432111,126.880211
2019-12-11,광명시,광명7동,02-2680-6607,14276,경기도 광명시 새터로 13,경기도 광명시 광명동 724-2번지,37.469411,126.853211
2019-12-11,광명시,광명5동,02-2680-6605,14284,경기도 광명시 너부대로35번길 20,경기도 광명시 광명동 170번지,37.478766,126.847512
2019-12-11,광명시,광명3동,02-2680-6603,14221,경기도 광명시 광명로928번길 18-20,경기도 광명시 광명동 136-8번지,37.480234,126.856934
2019-12-11,광명시,철산3동,02-2680-5201,14238,경기도 광명시 철산로 56,경기도 광명시 철산동 449-1번지,37.476947,126.872207
2019-12-11,광명시,광명4동,02-2680-6604,14266,경기도 광명시 광명로888번길 26-6,경기도 광명시 광명동 158-609번지,37.477134,126.856316
2019-12-11,광명시,광명6동,02-2680-6606,14295,경기도 광명시 광명로791번길 6,경기도 광명시 광명동 786번지,37.471088,126.848641
2019-12-11,광명시,하안4동,02-2680-6615,14247,경기도 광명시 안현로 54,경기도 광명시 하안동 30-2번지,37.465712,126.877729
2019-12-11,광명시,광명2동,02-2680-6602,14201,경기도 광명시 광명로 947,경기도 광명시 광명동 93-3번지,37.483358,126.855924
2019-12-11,광명시,하안3동,02-2680-6614,14309,경기도 광명시 금당로 28,경기도 광명시 하안동 260-1번지,37.458713,126.881621
2019-12-11,광명시,학온동,02-2680-6618,14339,경기도 광명시 서독로104번길 14,경기도 광명시 가학동 545-3번지,37.415459,126.851346
2019-12-11,광명시,소하1동,02-2680-6616,14315,경기도 광명시 소하로 25,경기도 광명시 소하동 1291번지,37.452222,126.884971
2019-12-11,광명시,하안1동,02-2680-6612,14258,경기도 광명시 오리로 747,경기도 광명시 하안동 684-2번지,37.465122,126.869133
2019-12-11,광명시,하안2동,02-2680-6613,14245,경기도 광명시 안현로 25,경기도 광명시 하안동 682-3번지,37.464703,126.874724
2015-09-18,구리시,구리시청,031-557-1010,471702,경기도 구리시 아차산로 439 (교문동),경기도 구리시 교문동 390-1번지,37.5944123,127.1307833
2015-09-18,구리시,수택3동,031-550-2608,471033,경기도 구리시 체육관로 74 (수택동),경기도 구리시 수택동 848번지,37.5915202,127.1386679
2015-09-18,구리시,수택1동,031-550-2606,471031,경기도 구리시 검배로93번길 35 (수택동),경기도 구리시 수택동 495-8번지,37.5964376,127.1491626
2015-09-18,구리시,수택2동,031-550-2607,471032,경기도 구리시 원수택로12번길 16 (수택동),경기도 구리시 수택동 445-28번지,37.5931907,127.1400932
2015-09-18,구리시,동구동,031-550-2602,471010,경기도 구리시 동구릉로148번길 25 (인창동),경기도 구리시 인창동 699-1번지,37.6117340,127.1393488
2015-09-18,구리시,인창동,031-550-2603,471010,경기도 구리시 응달말로 46 (인창동),경기도 구리시 인창동 576-6번지,37.6045311,127.1349912
2015-09-18,구리시,갈매동,031-550-2601,471858,,구리시 산마루로 1 (갈매동 256-14),37.6348,127.116307
2015-09-18,구리시,교문1동,031-550-2604,471021,경기도 구리시 경춘로 111 (교문동),경기도 구리시 교문동 262-4번지,37.6012308,127.1276697
2015-09-18,구리시,교문2동,031-550-2605,471022,경기도 구리시 장자대로 34 (교문동),경기도 구리시 교문동 821번지,37.5870637,127.1341580
2015-09-18,성남시,수내3동,031-729-7670,463864,경기도 성남시 분당구 돌마로356번길 43 (수내동),경기도 성남시 분당구 수내동 80번지,37.3668623,127.1261381
2015-09-18,성남시,정자2동,031-729-7710,463833,경기도 성남시 분당구 내정로 66 (정자동),경기도 성남시 분당구 정자동 118번지,37.3660048,127.1152678
2015-09-18,성남시,서현2동,031-729-7770,463818,경기도 성남시 분당구 돌마로476번길 17 (서현동),경기도 성남시 분당구 서현동 296번지,37.3760542,127.1346032
2015-09-18,성남시,이매2동,031-729-7810,463806,경기도 성남시 분당구 탄천로79번길 19 (이매동),경기도 성남시 분당구 이매동 138번지,37.3995775,127.1218922
2015-09-18,성남시,구미1동,031-729-7930,463808,경기도 성남시 분당구 돌마로90번길 8 (구미동),경기도 성남시 분당구 구미동 26번지,37.3492851,127.1117751
2015-09-18,성남시,삼평동,031-729-7990,463400,경기도 성남시 분당구 동판교로266번길 7 (삼평동),경기도 성남시 분당구 삼평동 712번지,37.4061281,127.1163097
2015-09-18,성남시,운중동,031-729-7970,463440,경기도 성남시 분당구 운중로138번길 10 (운중동),경기도 성남시 분당구 운중동 935번지,37.3905828,127.0778911
2015-09-18,성남시,신촌동,031-729-5870,461340,경기도 성남시 수정구 오야로 19 (오야동),경기도 성남시 수정구 오야동 257-5번지,37.4546644,127.1044000
2015-09-18,성남시,성남동,031-729-6610,462827,경기도 성남시 중원구 제일로35번길 51 (성남동),경기도 성남시 중원구 성남동 3439번지,37.4320362,127.1315804
2015-09-18,성남시,태평4동,031-729-5730,461852,,성남시 수정구 남문로 132 (태평4동 7293),37.4479476,127.1413950
2015-09-18,성남시,서현1동,031-729-7740,463821,경기도 성남시 분당구 중앙공원로39번길 35 (서현동),경기도 성남시 분당구 서현동 89-1번지,37.3828610,127.1260475
2015-09-18,성남시,분당동,031-729-7610,463030,경기도 성남시 분당구 불정로 312 (분당동),경기도 성남시 분당구 분당동 42번지,37.3701078,127.1310793
2015-09-18,성남시,야탑1동,031-729-7830,463827,경기도 성남시 분당구 장미로86번길 18 (야탑동),경기도 성남시 분당구 야탑동 363번지,37.4120495,127.1302351
2015-09-18,성남시,성남시청,031-729-2114,462700,경기도 성남시 중원구 성남대로 997 (여수동),경기도 성남시 중원구 여수동 200번지,37.4201774,127.1262817
2015-09-18,성남시,신흥1동,031-729-5610,461864,경기도 성남시 수정구 수정로188번길 7 (신흥동),경기도 성남시 수정구 신흥동 5481번지,37.4430499,127.1411824
2015-09-18,성남시,태평1동,031-729-5670,461855,경기도 성남시 수정구 모란로 88 (태평동),경기도 성남시 수정구 태평동 6932번지,37.4407639,127.1261626
2015-09-18,성남시,태평3동,031-729-5710,461827,경기도 성남시 수정구 남문로 54 (태평동),경기도 성남시 수정구 태평동 3752-1번지,37.4453407,127.1330728
2015-09-18,성남시,수진1동,031-729-5750,461805,경기도 성남시 수정구 탄리로 19 (수진동),경기도 성남시 수정구 수진동 1967번지,37.4385727,127.1390271
2015-09-18,성남시,단대동,031-729-5790,461801,경기도 성남시 수정구 희망로506번길 21 (단대동),경기도 성남시 수정구 단대동 129번지,37.4496452,127.1556651
2015-09-18,성남시,양지동,031-729-5830,461816,경기도 성남시 수정구 산성대로 483 (양지동),경기도 성남시 수정구 양지동 870번지,37.4549000,127.1609609
2015-09-18,성남시,시흥동,031-729-5910,461370,경기도 성남시 수정구 여수대로56번길 6 (시흥동),경기도 성남시 수정구 시흥동 17-8번지,37.4220695,127.1081641
2015-09-18,성남시,중앙동,031-729-6630,462170,경기도 성남시 중원구 광명로 281 (중앙동),경기도 성남시 중원구 중앙동 7-1번지,37.4439808,127.1574795
2015-09-18,성남시,금광1동,031-729-6650,462801,경기도 성남시 중원구 광명로 328 (금광동),경기도 성남시 중원구 금광동 1348번지,37.4450842,127.1624451
2015-09-18,성남시,은행1동,031-729-6690,462152,경기도 성남시 중원구 은행로 85 (은행동),경기도 성남시 중원구 은행동 2192번지,37.4521210,127.1689249
2015-09-18,성남시,상대원1동,031-729-6730,462121,경기도 성남시 중원구 둔촌대로 425 (상대원동),경기도 성남시 중원구 상대원동 1451번지,37.4332097,127.1643854
2015-09-18,성남시,상대원3동,031-729-6770,462809,경기도 성남시 중원구 박석로 78 (상대원동),경기도 성남시 중원구 상대원동 856번지,37.4396739,127.1654437
2015-09-18,성남시,도촌동,031-729-6817,462700,경기도 성남시 중원구 도촌북로 28 (도촌동),경기도 성남시 중원구 도촌동 633번지,37.4164952,127.1527859
2015-09-18,성남시,수내2동,031-729-7650,463020,경기도 성남시 분당구 내정로166번길 17 (수내동),경기도 성남시 분당구 수내동 59번지,37.3724614,127.1208549
2015-09-18,성남시,정자1동,031-729-7690,463010,경기도 성남시 분당구 황새울로18번길 14 (정자동),경기도 성남시 분당구 정자동 147번지,37.3614492,127.1115403
2015-09-18,성남시,정자3동,031-729-7730,463814,경기도 성남시 분당구 돌마로 242 (정자동),경기도 성남시 분당구 정자동 201번지,37.3607890,127.1195538
2015-09-18,성남시,이매1동,031-729-7790,463829,경기도 성남시 분당구 성남대로779번길 10 (이매동),경기도 성남시 분당구 이매동 109번지,37.3995539,127.1271642
2015-09-18,성남시,야탑2동,031-729-7850,463840,경기도 성남시 분당구 야탑로76번길 5 (야탑동),경기도 성남시 분당구 야탑동 508번지,37.4094253,127.1273751
2015-09-18,성남시,야탑3동,031-729-7870,463835,경기도 성남시 분당구 야탑로167번길 12 (야탑동),경기도 성남시 분당구 야탑동 307번지,37.4108334,127.1379411
2015-09-18,성남시,금곡동,031-729-7910,463895,경기도 성남시 분당구 성남대로171번길 14 (금곡동),경기도 성남시 분당구 금곡동 174번지,37.3516357,127.1070878
2015-09-18,성남시,구미동,031-729-7950,463802,경기도 성남시 분당구 구미로 130 (구미동),경기도 성남시 분당구 구미동 227번지,37.3402280,127.1226133
2015-09-18,성남시,판교동,031-729-7890,463410,경기도 성남시 분당구 서판교로32번길 9 (판교동),경기도 성남시 분당구 판교동 575번지,37.3899222,127.0986730
2015-09-18,성남시,백현동,031-729-7098,463420,경기도 성남시 분당구 동판교로 21 (백현동),경기도 성남시 분당구 백현동 557번지,37.3885382,127.1108396
2015-09-18,성남시,수정구청,031-729-5114,461722,경기도 성남시 수정구 수정로 283 (신흥동),경기도 성남시 수정구 신흥동 30번지,37.4503102,127.1457121
2015-09-18,성남시,신흥2동,031-729-5630,461809,경기도 성남시 수정구 수정로 270 (신흥동),경기도 성남시 수정구 신흥동 1741-5번지,37.4486414,127.1458626
2015-09-18,성남시,신흥3동,031-729-5650,461811,경기도 성남시 수정구 공원로349번길 8 (신흥동),경기도 성남시 수정구 신흥동 2819번지,37.4435307,127.1488541
2015-09-18,성남시,수진2동,031-729-5770,461873,경기도 성남시 수정구 성남대로 1204 (수진동),경기도 성남시 수정구 수진동 3988번지,37.4373157,127.1287467
2015-09-18,성남시,산성동,031-729-5810,461803,경기도 성남시 수정구 수정남로 261 (산성동),경기도 성남시 수정구 산성동 2136번지,37.4522113,127.1500738
2015-09-18,성남시,수내1동,031-729-7630,463838,경기도 성남시 분당구 내정로173번길 21 (수내동),경기도 성남시 분당구 수내동 30번지,37.3754628,127.1180642
2015-09-18,성남시,분당구청,031-729-7114,463701,경기도 성남시 분당구 분당로 50 (수내동),경기도 성남시 분당구 수내동 1번지,37.382662,127.119103
2015-09-18,성남시,상대원2동,031-729-6750,462817,경기도 성남시 중원구 희망로 371 (상대원동),경기도 성남시 중원구 상대원동 3159번지,37.4389088,127.1583231
2015-09-18,성남시,은행2동,031-729-6710,462152,경기도 성남시 중원구 은이로 21 (은행동),경기도 성남시 중원구 은행동 2476번지,37.457079,127.166673
2015-09-18,성남시,금광2동,031-729-6670,462801,경기도 성남시 중원구 광명로 345 (금광동),경기도 성남시 중원구 금광동 3657번지,37.4462713,127.1640162
2015-09-18,성남시,중원구청,031-729-6114,462712,경기도 성남시 중원구 제일로 36 (성남동),경기도 성남시 중원구 성남동 3129번지,37.4303971,127.1372991
2015-09-18,성남시,고등동,031-729-5890,461300,경기도 성남시 수정구 대왕판교로 949 (고등동),경기도 성남시 수정구 고등동 429-1번지,37.4250451,127.1015570
2015-09-18,성남시,태평2동,031-729-5690,461825,경기도 성남시 수정구 남문로 108 (태평동),경기도 성남시 수정구 태평동 3307-2번지,37.4471327,127.1387084
2015-09-18,성남시,복정동,031-729-5850,461830,경기도 성남시 수정구 복정로 144 (복정동),경기도 성남시 수정구 복정동 641-12번지,37.4658795,127.1271136
2015-09-18,성남시,하대원동,031-729-6790,462839,경기도 성남시 중원구 둔촌대로 252 (하대원동),경기도 성남시 중원구 하대원동 145-1번지,37.4282850,127.1463609
2015-09-18,용인시,풍덕천2동,031-324-8621,448172,경기도 용인시 수지구 풍덕천로 51 (풍덕천동),경기도 용인시 수지구 풍덕천동 1051-2번지,37.3194624,127.0887791
2015-09-18,용인시,구갈동,031-324-662-1~4,446903,경기도 용인시 기흥구 강남로 23 (구갈동),경기도 용인시 기흥구 구갈동 578번지,37.2724253,127.1275904
2015-09-18,용인시,상현2동,031-324-8741,448130,경기도 용인시 수지구 만현로 82-4 (상현동),경기도 용인시 수지구 상현동 66-2번지,37.3094198,127.0859427
2015-09-18,용인시,구성동,031-324-6701,446910,경기도 용인시 기흥구 구성로77번길 17 (언남동),경기도 용인시 기흥구 언남동 342-1번지,37.2967623,127.1189832
2015-09-18,용인시,마북동,031-324-6721,446912,경기도 용인시 기흥구 마북로 159 (마북동),경기도 용인시 기흥구 마북동 181-2번지,37.3040956,127.1235246
2015-09-18,용인시,풍덕천1동,031-324-8601,448171,경기도 용인시 수지구 수지로342번길 3 (풍덕천동),경기도 용인시 수지구 풍덕천동 701-1번지,37.3279561,127.0950264
2015-09-18,용인시,용인시청,031-324-2114,449704,경기도 용인시 처인구 중부대로 1199 (삼가동),경기도 용인시 처인구 삼가동 556번지,37.2408670,127.1779688
2015-09-18,용인시,포곡읍,031-324-553-1~3,449814,경기도 용인시 처인구 포곡읍 포곡로 258 (삼계리),경기도 용인시 처인구 포곡읍 삼계리 588-5번지,37.2778194,127.2308211
2015-09-18,용인시,이동면,031-324-569-1~2,449832,경기도 용인시 처인구 이동읍 경기동로 673 (송전리),경기도 용인시 처인구 이동읍 송전리 750-3번지,37.1411206,127.1961980
2015-09-18,용인시,백암면,031-324-579-8~9,449862,경기도 용인시 처인구 백암면 백암로 189 (백암리),경기도 용인시 처인구 백암면 백암리 495-3번지,37.1634060,127.3753796
2015-09-18,용인시,중앙동,031-324-5894,449925,경기도 용인시 처인구 금령로78번길 7 (김량장동),경기도 용인시 처인구 김량장동 303-3번지,37.2342373,127.2056662
2015-09-18,용인시,유림동,031-324-5954,449935,경기도 용인시 처인구 백옥대로 1315 (유방동),경기도 용인시 처인구 유방동 475-20번지,37.2528560,127.2120516
2015-09-18,용인시,기흥구청,031-324-6114,446593,경기도 용인시 기흥구 관곡로 95 (구갈동),경기도 용인시 기흥구 구갈동 355번지,37.2804469,127.1146907
2015-09-18,용인시,신갈동,031-324-660-1~5,446598,경기도 용인시 기흥구 신갈로58번길 11 (신갈동),경기도 용인시 기흥구 신갈동 60-3번지,37.2726044,127.1067683
2015-09-18,용인시,기흥동,031-324-6671,446902,경기도 용인시 기흥구 한일로9번길 9 (공세동),경기도 용인시 기흥구 공세동 388-23번지,37.2429817,127.1027323
2015-09-18,용인시,죽전1동,031-324-8661,448161,경기도 용인시 수지구 대지로15번길 50 (죽전동),경기도 용인시 수지구 죽전동 1070-9번지,37.3310497,127.1139958
2015-09-18,용인시,동천동,031-324-8701,448500,경기도 용인시 수지구 신수로783번길 40 (동천동),경기도 용인시 수지구 동천동 176-4번지,37.3418610,127.0992375
2015-09-18,용인시,성복동,031-324-8761,448831,경기도 용인시 수지구 성복1로 100 (성복동),경기도 용인시 수지구 성복동 777번지,37.3164878,127.0690016
2015-09-18,용인시,모현면,031-324-5592,449851,경기도 용인시 처인구 모현읍 독점로 31-6 (갈담리),경기도 용인시 처인구 모현읍 갈담리 309번지,37.3295337,127.2423619
2015-09-18,용인시,상갈동,031-324-6642,446905,경기도 용인시 기흥구 상갈로 2 (상갈동),경기도 용인시 기흥구 상갈동 472-1번지,37.2665810,127.1076933
2015-09-18,용인시,동백동,031-324-6741,446916,경기도 용인시 기흥구 동백중앙로 213 (중동),경기도 용인시 기흥구 중동 847번지,37.2722139,127.1510056
2015-09-18,용인시,상하동,031-324-6781,446914,경기도 용인시 기흥구 어정로 62-23 (상하동),경기도 용인시 기흥구 상하동 435-12번지,37.2705137,127.1383973
2015-09-18,용인시,보정동,031-324-6771,446913,경기도 용인시 기흥구 죽현로 35 (보정동),경기도 용인시 기흥구 보정동 1266-4번지,37.3194834,127.1146958
2015-09-18,용인시,수지구청,031-324-8114,448171,경기도 용인시 수지구 포은대로 435 (풍덕천동),경기도 용인시 수지구 풍덕천동 720번지,37.3222236,127.0974471
2015-09-18,용인시,남사면,031-324-5642,449883,경기도 용인시 처인구 남사면 내기로 22 (봉무리),경기도 용인시 처인구 남사면 봉무리 438-1번지,37.1156802,127.1505051
2015-09-18,용인시,원삼면,031-324-5741,449872,경기도 용인시 처인구 원삼면 원양로 64 (고당리),경기도 용인시 처인구 원삼면 고당리 88-1번지,37.1665888,127.3132635
2015-09-18,용인시,양지면,031-324-5842,449823,경기도 용인시 처인구 양지면 양지로105번길 5 (양지리),경기도 용인시 처인구 양지면 양지리 701-9번지,37.2354873,127.2798397
2015-09-18,용인시,역삼동,031-324-5921,449933,,용인시 처인구 명지로26번길 10,37.233805,127.187231
2015-09-18,용인시,동부동,031-324-5982,449928,경기도 용인시 처인구 중부대로 1574 (마평동),경기도 용인시 처인구 마평동 533-8번지,37.2327714,127.2191759
2015-09-18,용인시,영덕동,031-324-680-1~9,446908,경기도 용인시 기흥구 흥덕2로 115 (영덕동),경기도 용인시 기흥구 영덕동 974-7번지,37.2778448,127.0738103
2015-09-18,용인시,서농동,031-324-6681,446906,경기도 용인시 기흥구 덕영대로 1664 (서천동),경기도 용인시 기흥구 서천동 335-2번지,37.2467988,127.0733652
2015-09-18,용인시,신봉동,031-324-8641,448150,경기도 용인시 수지구 수지로 215 (신봉동),경기도 용인시 수지구 신봉동 898번지,37.3206663,127.0836404
2015-09-18,용인시,죽전2동,031-264-6977,448160,경기도 용인시 수지구 포은대로 523 (죽전동),경기도 용인시 수지구 죽전동 1003-122번지,37.3259098,127.1067309
2015-09-18,용인시,상현1동,031-324-8721,448130,경기도 용인시 수지구 상현로 71 (상현동),경기도 용인시 수지구 상현동 839번지,37.3046261,127.0811457
2015-09-18,용인시,처인구청,031-324-5114,449790,경기도 용인시 처인구 금령로 50 (김량장동),경기도 용인시 처인구 김량장동 286번지,37.2343781,127.2013393
2015-09-18,의왕시,내손1동,031-345-3211,16041,경기도 의왕시 갈미로 71 (내손동),경기도 의왕시 내손동 787번지,37.3782836,126.9755986
2015-09-18,의왕시,오전동,031-345-3171,16055,경기도 의왕시 찬우물길 11 (오전동),경기도 의왕시 오전동 844-18번지,37.3536017,126.9715207
2015-09-18,의왕시,고천동,031-345-3121,16063,경기도 의왕시 사그내길 15 (고천동),경기도 의왕시 고천동 265번지,37.347692,126.976078
2015-09-18,의왕시,내손2동,031-345-3241,16027,경기도 의왕시 복지로 109 (내손동),경기도 의왕시 내손동 849-2번지,37.387591,126.981483
2015-09-18,의왕시,부곡동,031-345-3141,16092,경기도 의왕시 부곡시장길 75 (삼동),경기도 의왕시 삼동 101번지,37.3187382,126.9567638
2015-09-18,의왕시,의왕시청,031-345-2114,16075,경기도 의왕시 시청로 11 (고천동),경기도 의왕시 고천동 171-13번지,37.3453186,126.9679891
2015-09-18,의왕시,청계동,031-345-3271,16013,경기도 의왕시 안양판교로 232 (포일동),경기도 의왕시 포일동 602-15번지,37.3885865,126.9959664
2015-09-18,평택시,비전2동,031-8024-5810,450152,경기도 평택시 중앙로 261 (비전동),경기도 평택시 비전동 849번지,36.9903080,127.1117554
2015-09-18,평택시,통복동,031-8024-5740,450040,경기도 평택시 통복시장로48번길 41 (통복동),경기도 평택시 통복동 541번지,37.0007991,127.0872793
2015-09-18,평택시,신평동,031-8024-5670,450833,경기도 평택시 평택3로 9 (합정동),경기도 평택시 합정동 832번지,36.9900397,127.0926499
2015-09-18,평택시,신장1동,031-8024-7110,459120,경기도 평택시 신장로90번길 63 (신장동),경기도 평택시 신장동 338-55번지,37.0839637,127.0523878
2015-09-18,평택시,지산동,031-8024-7030,459110,경기도 평택시 송탄로 379 (지산동),경기도 평택시 지산동 798-4번지,37.0774051,127.0575834
2015-09-18,평택시,서정동,031-8024-6950,459010,경기도 평택시 탄현로 170 (서정동),경기도 평택시 서정동 831번지,37.0677686,127.0546930
2015-09-18,평택시,현덕면,031-8024-8910,451813,경기도 평택시 현덕면 인광길 84 (인광리),경기도 평택시 현덕면 인광리 402-12번지,36.9673461,126.9214910
2015-09-18,평택시,송북동,031-8024-7070,459110,경기도 평택시 지산2로 113 (지산동),경기도 평택시 지산동 1011번지,37.0816496,127.0602318
2015-09-18,평택시,원평동,031-8024-5710,450040,경기도 평택시 원평2로 9 (통복동),경기도 평택시 통복동 172-6번지,36.9892772,127.0804949
2015-09-18,평택시,비전1동,031-8024-5770,450151,경기도 평택시 평택2로 125 (비전동),경기도 평택시 비전동 793-2번지,37.0005839,127.0952511
2015-09-18,평택시,세교동,031-8024-5840,450818,경기도 평택시 세교3로 37 (세교동),경기도 평택시 세교동 559-4번지,36.9999555,127.0824205
2015-09-18,평택시,팽성읍,031-8024-5610,451801,경기도 평택시 팽성읍 동서촌로 89 (객사리),경기도 평택시 팽성읍 객사리 170-2번지,36.9651751,127.0623454
2015-09-18,평택시,포승읍,031-8024-8710,415823,경기도 평택시 포승읍 서동대로 1174-16 (방림리),경기도 평택시 포승읍 방림리 52-13번지,36.9825921,126.8855647
2015-09-18,평택시,오성면,031-8024-8810,451873,경기도 평택시 오성면 숙성시장길 23 (숙성리),경기도 평택시 오성면 숙성리 129-1번지,37.0077606,126.9803196
2015-09-18,평택시,송탄출장소,031-8024-6000,459705,경기도 평택시 경기대로 1366 (서정동),경기도 평택시 서정동 800번지,37.0658098,127.0650903
2015-09-18,평택시,신장2동,031-8024-7150,459122,경기도 평택시 밀월로21번길 7 (신장동),경기도 평택시 신장동 280-23번지,37.0764523,127.0524366
2015-09-18,평택시,안중출장소,031-8024-8000,451882,경기도 평택시 안중읍 서동대로 1531 (학현리),경기도 평택시 안중읍 학현리 572번지,36.9901355,126.9201511
2015-09-18,평택시,평택시청,031-8024-5000,450702,경기도 평택시 경기대로 245 (비전동),경기도 평택시 비전동 846번지,36.9923004,127.1125266
2015-09-18,평택시,안중읍,031-8024-8510,451880,경기도 평택시 안중읍 안현로 400 (안중리),경기도 평택시 안중읍 안중리 445-16번지,36.9860335,126.9313159
2015-09-18,평택시,진위면,031-8024-6712,451864,경기도 평택시 진위면 봉남길 61 (봉남리),경기도 평택시 진위면 봉남리 229번지,37.1001164,127.0908939
2015-09-18,평택시,고덕면,031-8024-6840,451842,경기도 평택시 고덕면 고덕로 283 (좌교리),경기도 평택시 고덕면 좌교리 387-25번지,37.0423335,127.0177558
2015-09-18,평택시,청북면,031-8024-8860,451831,경기도 평택시 청북읍 청원로 2 (현곡리),경기도 평택시 청북읍 현곡리 293-4번지,37.0398080,126.9342574
2015-09-18,평택시,서탄면,031-8024-6780,451852,경기도 평택시 서탄면 금암2길 122 (금암리),경기도 평택시 서탄면 금암리 247번지,37.1082411,127.0353309
2015-09-18,평택시,송탄동,031-8024-6990,459060,경기도 평택시 방여울로 117 (가재동),경기도 평택시 가재동 20-53번지,37.0444271,127.0948472
2015-09-18,평택시,중앙동,031-8024-6910,459812,경기도 평택시 서정역로 16 (서정동),경기도 평택시 서정동 342번지,37.0555602,127.0560559
2015-09-18,포천시,관인면,031-538-3911,487936,경기도 포천시 관인면 관인로 14 (탄동리),경기도 포천시 관인면 탄동리 644-6번지,38.1577316,127.2507094
2015-09-18,포천시,영중면,031-538-3907,487883,경기도 포천시 영중면 양문로 151 (양문리),경기도 포천시 영중면 양문리 833-2번지,38.0057079,127.2454907
2015-09-18,포천시,가산면,031-538-3904,487814,경기도 포천시 가산면 선마로 223 (마산리),경기도 포천시 가산면 마산리 601-1번지,37.8482100,127.1861447
2015-09-18,포천시,군내면,031-538-3902,487871,경기도 포천시 군내면 청군로3290번길 16 (구읍리),경기도 포천시 군내면 구읍리 192-1번지,37.8889579,127.2177689
2015-09-18,포천시,이동면,031-538-3909,487863,경기도 포천시 이동면 화동로 2048 (장암리),경기도 포천시 이동면 장암리 245-3번지,38.0307208,127.3673062
2015-09-18,포천시,화현면,031-538-3912,487841,경기도 포천시 화현면 달인동로1길 55 (화현리),경기도 포천시 화현면 화현리 873번지,37.9011930,127.2880764
2015-09-18,포천시,내촌면,031-538-3903,487831,경기도 포천시 내촌면 내촌로 70 (내리),경기도 포천시 내촌면 내리 368-5번지,37.7861387,127.2285922
2015-09-18,포천시,포천시청,031-538-2114,487701,경기도 포천시 중앙로 87 (신읍동),경기도 포천시 신읍동 58-2번지,37.8947009,127.2003411
2015-09-18,포천시,선단동,031-538-3914,487020,경기도 포천시 삼육사로2186번길 11 (선단동),경기도 포천시 선단동 631번지,37.8541742,127.1591707
2015-09-18,포천시,포천동,031-538-3913,487804,경기도 포천시 중앙로119번길 26 (신읍동),경기도 포천시 신읍동 169-2번지,37.8982182,127.2003234
2015-09-18,포천시,일동면,031-538-3908,487851,경기도 포천시 일동면 화동로1099번길 30 (기산리),경기도 포천시 일동면 기산리 96-137번지,37.9612753,127.3172872
2015-09-18,포천시,창수면,031-538-3906,487921,경기도 포천시 창수면 메치골로 178 (주원리),경기도 포천시 창수면 주원리 249-1번지,37.9913107,127.1890876
2015-09-18,포천시,신북면,031-538-3905,487915,경기도 포천시 신북면 호국로 2065 (기지리),경기도 포천시 신북면 기지리 893-1번지,37.9336860,127.2264139
2015-09-18,포천시,소흘읍,031-538-3901,487820,경기도 포천시 소흘읍 호국로 567 (송우리),경기도 포천시 소흘읍 송우리 495번지,37.8234959,127.1384330
2015-09-18,포천시,영북면,031-538-3910,487892,경기도 포천시 영북면 영북로 166 (운천리),경기도 포천시 영북면 운천리 340-6번지,38.0892933,127.2756357

