행정구역,행정구역별(시군구),성별,합계,15세미만,15~19세,20~24세,25~29세,30~34세,35~39세,40~44세,45~49세,50~54세,55~59세,60~64세,65~69세,70~74세,75~79세,80~84세,85세이상
전국,전국,계,49063531,5991713,2090046,2670599,3400702,3091042,3424210,3832964,4002153,4336146,3958355,3988108,2902348,2042154,1529990,1092367,710634
전국,전국,남자,24270009,3076190,1067714,1284310,1778098,1597987,1744971,1940421,2018169,2160514,1986284,1955827,1394224,952588,666356,425499,220857
전국,전국,여자,24793522,2915523,1022332,1386289,1622604,1493055,1679239,1892543,1983984,2175632,1972071,2032281,1508124,1089566,863634,666868,489777
서울특별시,서울특별시,계,9009126,911870,357350,535846,788784,701692,677305,690009,710062,755307,674330,695830,540505,385904,286302,184149,113881
서울특별시,서울특별시,남자,4334563,468510,179855,227951,381717,349216,338984,342236,350174,366973,327842,327570,251667,177058,128614,77816,38380
서울특별시,서울특별시,여자,4674563,443360,177495,307895,407067,352476,338321,347773,359888,388334,346488,368260,288838,208846,157688,106333,75501
서울특별시,종로구,계,133567,11053,4882,9208,12237,9619,8622,9114,10293,11892,10960,10681,8101,5813,5051,3645,2396
서울특별시,종로구,남자,64074,5560,2390,3854,6188,4837,4288,4393,4987,5742,5503,5221,3938,2614,2135,1532,892
서울특별시,종로구,여자,69493,5493,2492,5354,6049,4782,4334,4721,5306,6150,5457,5460,4163,3199,2916,2113,1504
서울특별시,중구,계,113586,8755,3128,7093,10513,9839,9138,8086,7833,9439,8979,9234,7273,5246,4163,2915,1952
서울특별시,중구,남자,54479,4472,1485,2809,5007,4889,4604,4149,3937,4617,4464,4527,3495,2451,1793,1156,624
서울특별시,중구,여자,59107,4283,1643,4284,5506,4950,4534,3937,3896,4822,4515,4707,3778,2795,2370,1759,1328
서울특별시,용산구,계,204104,18077,6485,11390,18336,18360,17120,15536,15545,17497,15614,15342,11514,8205,6629,4928,3526
서울특별시,용산구,남자,97102,9245,3272,4414,8500,9071,8524,7786,7591,8455,7729,7419,5446,3717,2811,1944,1178
서울특별시,용산구,여자,107002,8832,3213,6976,9836,9289,8596,7750,7954,9042,7885,7923,6068,4488,3818,2984,2348
서울특별시,성동구,계,271868,26925,9165,17031,24237,22377,22883,20734,19989,22774,21038,21015,15250,10895,8533,5644,3378
서울특별시,성동구,남자,131302,13690,4364,7487,12195,10737,11577,10531,9865,10960,10362,10292,7197,4966,3679,2275,1125
서울특별시,성동구,여자,140566,13235,4801,9544,12042,11640,11306,10203,10124,11814,10676,10723,8053,5929,4854,3369,2253
서울특별시,광진구,계,323607,28518,12005,23030,35677,28320,24366,23515,24181,26799,24275,24383,17998,12148,9093,5916,3383
서울특별시,광진구,남자,154760,14629,5971,9537,16960,14030,12063,11634,11879,12778,11846,11522,8498,5568,4166,2551,1128
서울특별시,광진구,여자,168847,13889,6034,13493,18717,14290,12303,11881,12302,14021,12429,12861,9500,6580,4927,3365,2255
서울특별시,동대문구,계,322786,29342,11553,25753,30263,23670,23321,23215,22914,25326,23553,25201,20020,14667,11780,7663,4545
서울특별시,동대문구,남자,157421,15081,5623,10693,15779,12155,11997,11976,11676,12504,11742,12046,9469,6679,5198,3204,1599
서울특별시,동대문구,여자,165365,14261,5930,15060,14484,11515,11324,11239,11238,12822,11811,13155,10551,7988,6582,4459,2946
서울특별시,중랑구,계,370216,32700,12611,19607,31271,28270,26817,26580,26522,32292,31966,33507,25097,17420,12963,8073,4520
서울특별시,중랑구,남자,180631,16775,6342,8860,15220,14290,13897,13939,13317,15565,15552,16126,11976,8038,5769,3486,1479
서울특별시,중랑구,여자,189585,15925,6269,10747,16051,13980,12920,12641,13205,16727,16414,17381,13121,9382,7194,4587,3041
서울특별시,성북구,계,412726,43243,18218,31392,33864,27285,28872,30451,33483,35344,29708,30549,23727,17246,14063,9579,5702
서울특별시,성북구,남자,196898,22131,8917,12668,16978,13673,14383,15039,16385,17356,14340,14434,11007,7592,6078,3956,1961
서울특별시,성북구,여자,215828,21112,9301,18724,16886,13612,14489,15412,17098,17988,15368,16115,12720,9654,7985,5623,3741
서울특별시,강북구,계,284035,23206,10403,16518,21867,17880,17825,19587,21962,25123,23451,25125,20103,15762,12665,8136,4422
서울특별시,강북구,남자,136774,11933,5224,6918,11016,9254,9339,10213,11096,12215,11352,11788,9205,6822,5415,3398,1586
서울특별시,강북구,여자,147261,11273,5179,9600,10851,8626,8486,9374,10866,12908,12099,13337,10898,8940,7250,4738,2836
서울특별시,도봉구,계,302596,27693,12071,16886,21621,18320,19256,20674,23380,27618,26012,28138,21544,15064,11676,7918,4725
서울특별시,도봉구,남자,145847,14367,6097,7533,10906,9296,9875,10420,11420,12937,12387,13152,10214,7055,5226,3379,1583
서울특별시,도봉구,여자,156749,13326,5974,9353,10715,9024,9381,10254,11960,14681,13625,14986,11330,8009,6450,4539,3142
서울특별시,노원구,계,488629,52670,25615,31651,33242,29244,31259,36178,42461,45756,38055,38761,29881,20594,15530,10734,6998
서울특별시,노원구,남자,233278,27207,13103,14364,17040,14654,15474,17257,20102,22057,18284,17971,13838,9213,6510,4061,2143
서울특별시,노원구,여자,255351,25463,12512,17287,16202,14590,15785,18921,22359,23699,19771,20790,16043,11381,9020,6673,4855
서울특별시,은평구,계,445703,43772,17746,23994,35484,31719,32369,34039,35920,38593,34146,36031,27886,20759,16316,10864,6065
서울특별시,은평구,남자,210990,22521,8927,10378,16620,15301,16098,16899,17533,18464,16101,16568,12605,9124,7054,4638,2159
서울특별시,은평구,여자,234713,21251,8819,13616,18864,16418,16271,17140,18387,20129,18045,19463,15281,11635,9262,6226,3906
서울특별시,서대문구,계,292657,28044,11397,22478,26966,21533,21027,20952,21942,24448,21392,21682,16340,12217,10300,7384,4555
서울특별시,서대문구,남자,137759,14170,5451,8669,13328,10508,10455,10417,10729,11762,10284,10236,7576,5221,4362,2986,1605
서울특별시,서대문구,여자,154898,13874,5946,13809,13638,11025,10572,10535,11213,12686,11108,11446,8764,6996,5938,4398,2950
서울특별시,마포구,계,349062,35381,12779,22746,35205,31305,29976,28004,28555,28255,23335,22394,16798,12388,10266,7126,4549
서울특별시,마포구,남자,162826,18016,6293,9016,16060,14454,14462,13566,13799,13612,11384,10487,7666,5217,4295,2919,1580
서울특별시,마포구,여자,186236,17365,6486,13730,19145,16851,15514,14438,14756,14643,11951,11907,9132,7171,5971,4207,2969
서울특별시,양천구,계,424680,52451,23069,22444,28533,25218,28070,34522,38815,39681,33598,33097,25275,17050,11235,7030,4592
서울특별시,양천구,남자,206262,27192,11890,10260,14115,12659,13710,16260,18720,19583,16523,15757,12012,8236,5099,2839,1407
서울특별시,양천구,여자,218418,25259,11179,12184,14418,12559,14360,18262,20095,20098,17075,17340,13263,8814,6136,4191,3185
서울특별시,강서구,계,547421,56217,20472,27828,50844,49098,45410,43590,41606,41585,39273,43536,33446,23032,15277,9671,6536
서울특별시,강서구,남자,261052,28739,10247,11588,22822,24217,23200,21962,20738,20052,18426,20013,15297,10871,7060,3851,1969
서울특별시,강서구,여자,286369,27478,10225,16240,28022,24881,22210,21628,20868,21533,20847,23523,18149,12161,8217,5820,4567
서울특별시,구로구,계,380978,39130,13486,19359,30598,30093,29436,29596,29331,30904,29334,31212,25011,18359,12801,7852,4476
서울특별시,구로구,남자,186523,19979,6901,8607,14883,15149,15179,15226,14952,15209,14334,14783,11616,8791,5965,3408,1541
서울특별시,구로구,여자,194455,19151,6585,10752,15715,14944,14257,14370,14379,15695,15000,16429,13395,9568,6836,4444,2935
서울특별시,금천구,계,220904,17629,6889,12074,22795,19421,16017,14738,15664,18561,19186,19405,14177,10191,7276,4413,2468
서울특별시,금천구,남자,110587,9044,3439,5235,11484,10650,8857,7967,8000,9087,9577,9564,6759,4832,3347,1904,841
서울특별시,금천구,여자,110317,8585,3450,6839,11311,8771,7160,6771,7664,9474,9609,9841,7418,5359,3929,2509,1627
서울특별시,영등포구,계,356146,34867,10745,18118,35699,35598,31365,26924,25424,27489,25734,26239,20093,14847,11021,7330,4653
서울특별시,영등포구,남자,173767,17862,5587,7460,16481,17808,16268,13940,12964,13614,12931,12662,9538,6892,4955,3128,1677
서울특별시,영등포구,여자,182379,17005,5158,10658,19218,17790,15097,12984,12460,13875,12803,13577,10555,7955,6066,4202,2976
서울특별시,동작구,계,368028,34269,13274,25218,37262,30733,27538,26942,27038,28950,26222,27431,21604,16350,12368,7953,4876
서울특별시,동작구,남자,176885,17617,6616,10850,18445,15515,13892,13609,13523,13814,12515,12621,9924,7206,5562,3473,1703
서울특별시,동작구,여자,191143,16652,6658,14368,18817,15218,13646,13333,13515,15136,13707,14810,11680,9144,6806,4480,3173
서울특별시,관악구,계,464158,31047,13444,34603,68089,48241,34355,31168,30959,32789,30764,32305,26176,20505,15386,9355,4972
서울특별시,관악구,남자,231155,15953,6757,14384,34468,26787,18767,16733,16461,16357,15294,15076,11924,9337,6963,4160,1734
서울특별시,관악구,여자,233003,15094,6687,20219,33621,21454,15588,14435,14498,16432,15470,17229,14252,11168,8423,5195,3238
서울특별시,서초구,계,381688,51065,18884,19212,25899,26748,28962,34023,35616,33575,25792,25277,20712,14948,10652,6196,4127
서울특별시,서초구,남자,181261,26115,9509,8268,12105,12402,13346,15640,17048,16602,12555,11739,9460,6889,5124,2910,1549
서울특별시,서초구,여자,200427,24950,9375,10944,13794,14346,15616,18383,18568,16973,13237,13538,11252,8059,5528,3286,2578
서울특별시,강남구,계,489947,59466,25489,24925,35652,35589,36594,43545,46799,43923,33011,31773,27066,19474,13509,7823,5309
서울특별시,강남구,남자,232877,30855,13203,10763,16515,16708,16641,19638,22194,21961,16371,14715,12192,8993,6635,3656,1837
서울특별시,강남구,여자,257070,28611,12286,14162,19137,18881,19953,23907,24605,21962,16640,17058,14874,10481,6874,4167,3472
서울특별시,송파구,계,619711,73759,26028,31593,49225,49934,51233,51468,49466,51302,45642,47382,37164,24222,15707,9085,6501
서울특별시,송파구,남자,295907,37807,13167,13645,22689,23795,24477,24703,24090,24522,21911,21984,17581,11841,7612,4008,2075
서울특별시,송파구,여자,323804,35952,12861,17948,26536,26139,26756,26765,25376,26780,23731,25398,19583,12381,8095,5077,4426
서울특별시,강동구,계,440323,52591,17512,21695,33405,33278,35474,36828,34364,35392,33290,36130,28249,18502,12042,6916,4655
서울특별시,강동구,남자,214146,27550,9080,9691,15913,16377,17611,18339,17168,17148,16075,16867,13234,8893,5801,2994,1405
서울특별시,강동구,여자,226177,25041,8432,12004,17492,16901,17863,18489,17196,18244,17215,19263,15015,9609,6241,3922,3250
부산광역시,부산광역시,계,3197368,344856,122033,174868,214782,186804,205406,237917,242450,271615,262613,295464,235221,169378,116849,75986,41126
부산광역시,부산광역시,남자,1553400,176969,62339,83769,111836,95678,104258,120311,120834,131025,125808,138238,109683,77362,51861,30372,13057
부산광역시,부산광역시,여자,1643968,167887,59694,91099,102946,91126,101148,117606,121616,140590,136805,157226,125538,92016,64988,45614,28069
부산광역시,중구,계,38312,1922,937,2201,3243,2293,1979,2219,2672,3176,3225,4060,3524,2709,2063,1327,762
부산광역시,중구,남자,18522,999,461,959,1632,1236,1074,1209,1467,1596,1600,1886,1642,1139,874,501,247
부산광역시,중구,여자,19790,923,476,1242,1611,1057,905,1010,1205,1580,1625,2174,1882,1570,1189,826,515
부산광역시,서구,계,98904,8308,3259,5837,6562,4889,5239,6338,6933,7994,8149,9878,8478,6666,4998,3452,1924
부산광역시,서구,남자,47366,4302,1627,2528,3262,2532,2673,3275,3607,4080,4046,4525,3861,2963,2117,1341,627
부산광역시,서구,여자,51538,4006,1632,3309,3300,2357,2566,3063,3326,3914,4103,5353,4617,3703,2881,2111,1297
부산광역시,동구,계,82119,6069,2281,3762,5656,5085,4863,5213,5654,6791,6613,8184,7082,5790,4398,3005,1673
부산광역시,동구,남자,39769,3172,1161,1748,2850,2606,2598,2843,2981,3474,3270,3864,3181,2546,1839,1112,524
부산광역시,동구,여자,42350,2897,1120,2014,2806,2479,2265,2370,2673,3317,3343,4320,3901,3244,2559,1893,1149
부산광역시,영도구,계,105137,7924,3329,5569,5922,4661,5173,6385,7429,8605,9068,11363,10042,7946,5936,3858,1927
부산광역시,영도구,남자,51516,4010,1691,2967,3343,2504,2763,3317,3864,4435,4486,5387,4629,3517,2498,1478,627
부산광역시,영도구,여자,53621,3914,1638,2602,2579,2157,2410,3068,3565,4170,4582,5976,5413,4429,3438,2380,1300
부산광역시,부산진구,계,339032,31319,11542,20853,28136,23475,22178,23484,24476,27342,27001,30771,24608,18013,12623,8676,4535
부산광역시,부산진구,남자,161689,15838,5762,9146,13733,11747,11359,11974,12188,13058,12829,14111,11468,8155,5433,3376,1512
부산광역시,부산진구,여자,177343,15481,5780,11707,14403,11728,10819,11510,12288,14284,14172,16660,13140,9858,7190,5300,3023
부산광역시,동래구,계,253765,30284,11077,12543,15640,14088,16338,19882,20681,21948,19969,22476,18310,13228,8828,5481,2992
부산광역시,동래구,남자,122694,15694,5719,6050,8106,7166,8070,9758,10077,10546,9280,10395,8346,6108,4051,2336,992
부산광역시,동래구,여자,131071,14590,5358,6493,7534,6922,8268,10124,10604,11402,10689,12081,9964,7120,4777,3145,2000
부산광역시,남구,계,252776,27165,10573,16810,16391,12740,14689,18794,20114,21486,19310,22145,18406,14096,10241,6423,3393
부산광역시,남구,남자,122974,13909,5408,8157,8919,6624,7435,9271,10203,10539,9278,10198,8353,6310,4559,2727,1084
부산광역시,남구,여자,129802,13256,5165,8653,7472,6116,7254,9523,9911,10947,10032,11947,10053,7786,5682,3696,2309
부산광역시,북구,계,272407,28767,10801,14589,18516,16191,16647,18677,19827,25034,26162,27752,19628,12927,8520,5373,2996
부산광역시,북구,남자,133613,14801,5603,7394,9765,8400,8636,9472,9596,11512,12447,13617,9537,6080,3825,2061,867
부산광역시,북구,여자,138794,13966,5198,7195,8751,7791,8011,9205,10231,13522,13715,14135,10091,6847,4695,3312,2129
부산광역시,해운대구,계,376093,44184,16644,18464,22679,19830,23321,29518,32122,35621,31774,32892,25639,17809,12309,8457,4830
부산광역시,해운대구,남자,179769,22723,8569,9001,11587,9781,11232,14089,15176,16802,15076,15350,12078,8103,5358,3297,1547
부산광역시,해운대구,여자,196324,21461,8075,9463,11092,10049,12089,15429,16946,18819,16698,17542,13561,9706,6951,5160,3283
부산광역시,사하구,계,292942,29716,11690,16934,19219,15938,18064,21079,21964,25845,25534,28987,22524,15480,10302,6363,3303
부산광역시,사하구,남자,144653,15331,5929,8404,10357,8556,9432,10960,10950,12554,12341,13685,10790,7183,4681,2508,992
부산광역시,사하구,여자,148289,14385,5761,8530,8862,7382,8632,10119,11014,13291,13193,15302,11734,8297,5621,3855,2311
부산광역시,금정구,계,220052,19698,8523,16292,16126,11546,11797,14401,15308,18453,19181,21406,17281,12501,8666,5655,3218
부산광역시,금정구,남자,107190,10139,4323,7794,9230,6152,6093,7222,7511,8693,9089,9980,7956,5741,3904,2313,1050
부산광역시,금정구,여자,112862,9559,4200,8498,6896,5394,5704,7179,7797,9760,10092,11426,9325,6760,4762,3342,2168
부산광역시,강서구,계,135295,27500,4167,4072,7031,10784,15556,14891,9790,8382,7969,9194,6730,4128,2493,1637,971
부산광역시,강서구,남자,69160,14158,2105,2060,3696,5311,7972,8099,5440,4315,3935,4474,3388,2087,1190,658,272
부산광역시,강서구,여자,66135,13342,2062,2012,3335,5473,7584,6792,4350,4067,4034,4720,3342,2041,1303,979,699
부산광역시,연제구,계,196305,21317,7440,9864,12872,12012,13094,14921,14980,16644,15466,17841,14795,10561,7281,4765,2452
부산광역시,연제구,남자,93801,10844,3782,4730,6365,5984,6563,7294,7330,7830,7274,8022,6796,4808,3334,2024,821
부산광역시,연제구,여자,102504,10473,3658,5134,6507,6028,6531,7627,7650,8814,8192,9819,7999,5753,3947,2741,1631
부산광역시,수영구,계,165473,14826,5305,8224,13404,11433,11042,11795,11786,13329,12615,15085,13112,9881,6814,4439,2383
부산광역시,수영구,남자,77902,7597,2734,3600,6474,5673,5481,5934,5690,6282,5721,6639,5843,4368,3131,1920,815
부산광역시,수영구,여자,87571,7229,2571,4624,6930,5760,5561,5861,6096,7047,6894,8446,7269,5513,3683,2519,1568
부산광역시,사상구,계,201466,17998,7274,12273,15077,12111,11701,13395,14006,17979,19675,21661,15494,10574,6462,3883,1903
부산광역시,사상구,남자,100572,9204,3746,5957,8182,6573,6176,7106,7194,8665,9752,10658,7476,4967,2899,1495,522
부산광역시,사상구,여자,100894,8794,3528,6316,6895,5538,5525,6289,6812,9314,9923,11003,8018,5607,3563,2388,1381
부산광역시,기장군,계,167290,27859,7191,6581,8308,9728,13725,16925,14708,12986,10902,11769,9568,7069,4915,3192,1864
부산광역시,기장군,남자,82210,14248,3719,3274,4335,4833,6701,8488,7560,6644,5384,5447,4339,3287,2168,1225,558
부산광역시,기장군,여자,85080,13611,3472,3307,3973,4895,7024,8437,7148,6342,5518,6322,5229,3782,2747,1967,1306
대구광역시,대구광역시,계,2301255,270922,102309,133792,155277,132776,145840,171694,190020,213379,196660,192416,142921,101993,70809,50388,30059
대구광역시,대구광역시,남자,1127448,139212,53087,65311,82715,70936,74149,84772,92953,103450,96095,92762,66712,46141,30170,19350,9633
대구광역시,대구광역시,여자,1173807,131710,49222,68481,72562,61840,71691,86922,97067,109929,100565,99654,76209,55852,40639,31038,20426
대구광역시,중구,계,70569,7241,2299,4226,6505,5064,5195,4904,5011,5444,4990,5251,4401,3664,2994,2095,1285
대구광역시,중구,남자,33624,3731,1098,1795,3162,2563,2691,2526,2475,2645,2450,2485,1953,1541,1263,815,431
대구광역시,중구,여자,36945,3510,1201,2431,3343,2501,2504,2378,2536,2799,2540,2766,2448,2123,1731,1280,854
대구광역시,동구,계,324913,36286,11720,15737,21263,20135,21492,24086,24428,27364,26977,28805,23230,17425,12329,8658,4978
대구광역시,동구,남자,158550,18567,6162,7736,11165,10730,11186,12276,12435,13291,12940,13418,10596,7803,5250,3371,1624
대구광역시,동구,여자,166363,17719,5558,8001,10098,9405,10306,11810,11993,14073,14037,15387,12634,9622,7079,5287,3354
대구광역시,서구,계,158605,11212,5161,7972,10980,8326,8067,9332,11261,14733,16573,17290,13868,9945,6844,4598,2443
대구광역시,서구,남자,78613,5731,2721,3966,6084,4825,4448,5041,5936,7328,8153,8250,6239,4512,2881,1762,736
대구광역시,서구,여자,79992,5481,2440,4006,4896,3501,3619,4291,5325,7405,8420,9040,7629,5433,3963,2836,1707
대구광역시,남구,계,138310,10000,4517,8614,10977,8326,8019,8703,9864,11831,11463,12935,10973,8370,6187,4663,2868
대구광역시,남구,남자,66240,5192,2347,3880,5597,4450,4165,4431,4929,5836,5485,5954,4975,3646,2594,1807,952
대구광역시,남구,여자,72070,4808,2170,4734,5380,3876,3854,4272,4935,5995,5978,6981,5998,4724,3593,2856,1916
대구광역시,북구,계,426166,51296,20454,30179,30070,24842,26809,31603,37095,40869,35809,33315,23123,16436,11678,8065,4523
대구광역시,북구,남자,211328,26354,10439,15095,16557,13366,13786,15633,17984,20117,17775,16505,10960,7398,4878,3074,1407
대구광역시,북구,여자,214838,24942,10015,15084,13513,11476,13023,15970,19111,20752,18034,16810,12163,9038,6800,4991,3116
대구광역시,수성구,계,399231,51517,23022,22256,23227,18344,21798,30935,37314,40361,33332,30764,22991,16777,11852,8820,5921
대구광역시,수성구,남자,192075,26659,12201,10891,12236,9503,10161,13988,17126,19327,16321,14810,10756,7467,5114,3513,2002
대구광역시,수성구,여자,207156,24858,10821,11365,10991,8841,11637,16947,20188,21034,17011,15954,12235,9310,6738,5307,3919
대구광역시,달서구,계,531934,61578,25414,33860,37320,29906,32047,38760,44930,52381,48353,45683,31686,21020,13631,9636,5729
대구광역시,달서구,남자,260531,31639,13051,16354,19769,16227,16147,18825,21580,24948,23580,22276,15088,9767,5873,3626,1781
대구광역시,달서구,여자,271403,29939,12363,17506,17551,13679,15900,19935,23350,27433,24773,23407,16598,11253,7758,6010,3948
대구광역시,달성군,계,251527,41792,9722,10948,14935,17833,22413,23371,20117,20396,19163,18373,12649,8356,5294,3853,2312
대구광역시,달성군,남자,126487,21339,5068,5594,8145,9272,11565,12052,10488,9958,9391,9064,6145,4007,2317,1382,700
대구광역시,달성군,여자,125040,20453,4654,5354,6790,8561,10848,11319,9629,10438,9772,9309,6504,4349,2977,2471,1612
인천광역시,인천광역시,계,2813245,347670,122714,150602,205552,186044,204328,229564,233896,253085,240935,231792,153550,99862,72596,48589,32466
인천광역시,인천광역시,남자,1395888,178433,62225,71155,106488,96267,104645,117307,118276,124422,119548,115124,74386,47271,31848,18727,9766
인천광역시,인천광역시,여자,1417357,169237,60489,79447,99064,89777,99683,112257,115620,128663,121387,116668,79164,52591,40748,29862,22700
인천광역시,중구,계,133545,18071,5177,5801,10997,10239,10630,12076,11708,10825,9136,9116,7085,5052,3788,2309,1535
인천광역시,중구,남자,68526,9269,2672,2654,5644,5677,5599,6376,6429,5956,4833,4567,3394,2319,1749,920,468
인천광역시,중구,여자,65019,8802,2505,3147,5353,4562,5031,5700,5279,4869,4303,4549,3691,2733,2039,1389,1067
인천광역시,동구,계,59297,5800,2297,2776,3162,3040,3624,4620,4790,4911,4744,5544,4607,3486,2847,1863,1186
인천광역시,동구,남자,29520,2995,1169,1347,1710,1655,1918,2472,2540,2595,2446,2681,2180,1521,1232,736,323
인천광역시,동구,여자,29777,2805,1128,1429,1452,1385,1706,2148,2250,2316,2298,2863,2427,1965,1615,1127,863
인천광역시,연수구,계,373587,58647,18731,20106,25187,25039,30249,33631,33329,33454,30000,26504,15638,8964,6418,4499,3191
인천광역시,연수구,남자,184200,30004,9443,9470,13048,12334,14753,16491,16289,16283,14758,13648,7940,4261,2883,1678,917
인천광역시,연수구,여자,189387,28643,9288,10636,12139,12705,15496,17140,17040,17171,15242,12856,7698,4703,3535,2821,2274
인천광역시,남동구,계,498113,62264,21933,26404,36321,31967,35645,42113,42089,44806,42065,41274,27649,17857,12606,8020,5100
인천광역시,남동구,남자,245344,31987,11096,12207,18717,16578,18136,21266,21327,21754,20712,20003,13123,8441,5461,3066,1470
인천광역시,남동구,여자,252769,30277,10837,14197,17604,15389,17509,20847,20762,23052,21353,21271,14526,9416,7145,4954,3630
인천광역시,부평구,계,467932,49602,19634,25185,36517,32218,32498,35384,37292,43073,42759,41324,27154,17825,12850,8799,5818
인천광역시,부평구,남자,228973,25497,10020,11643,18510,16576,16705,18047,18467,20498,20919,20234,12906,8348,5563,3250,1790
인천광역시,부평구,여자,238959,24105,9614,13542,18007,15642,15793,17337,18825,22575,21840,21090,14248,9477,7287,5549,4028
인천광역시,계양구,계,281706,28870,12348,16447,22301,18226,18077,20164,22835,28364,29343,26719,15277,8828,6320,4534,3053
인천광역시,계양구,남자,138706,14696,6202,7727,11515,9448,9400,10142,11192,13386,14331,13559,7671,4304,2610,1650,873
인천광역시,계양구,여자,143000,14174,6146,8720,10786,8778,8677,10022,11643,14978,15012,13160,7606,4524,3710,2884,2180
인천광역시,서구,계,528323,77213,25121,27090,37179,35960,42722,47329,46567,48511,43621,38567,23810,14508,9683,6257,4185
인천광역시,서구,남자,264426,39691,12743,12637,19059,18153,21720,24306,23526,24145,22056,19758,11787,7018,4286,2337,1204
인천광역시,서구,여자,263897,37522,12378,14453,18120,17807,21002,23023,23041,24366,21565,18809,12023,7490,5397,3920,2981
인천광역시,남구,계,390747,40753,15241,24199,30739,26355,27635,30236,30484,32956,31405,32756,24155,17162,12914,8493,5264
인천광역시,남구,남자,195429,20941,7723,11933,16418,14153,14742,16021,15828,16530,15472,15677,11281,7965,5687,3404,1654
인천광역시,남구,여자,195318,19812,7518,12266,14321,12202,12893,14215,14656,16426,15933,17079,12874,9197,7227,5089,3610
인천광역시,강화군,계,62388,5095,1782,1915,2252,2185,2462,3065,3751,4841,6026,7769,6378,4945,4198,3182,2542
인천광역시,강화군,남자,31027,2659,899,1036,1280,1182,1220,1624,2022,2479,2985,3798,3155,2458,1925,1418,887
인천광역시,강화군,여자,31361,2436,883,879,972,1003,1242,1441,1729,2362,3041,3971,3223,2487,2273,1764,1655
인천광역시,옹진군,계,17607,1355,450,679,897,815,786,946,1051,1344,1836,2219,1797,1235,972,633,592
인천광역시,옹진군,남자,9737,694,258,501,587,511,452,562,656,796,1036,1199,949,636,452,268,180
인천광역시,옹진군,여자,7870,661,192,178,310,304,334,384,395,548,800,1020,848,599,520,365,412
광주광역시,광주광역시,계,1409089,187117,71978,91617,102764,82898,96810,112773,121026,126394,109002,102828,69408,53955,39086,25920,15513
광주광역시,광주광역시,남자,694784,96264,36656,43166,53386,42551,49009,55864,60401,62912,54545,49943,32919,24617,17266,10328,4957
광주광역시,광주광역시,여자,714305,90853,35322,48451,49378,40347,47801,56909,60625,63482,54457,52885,36489,29338,21820,15592,10556
광주광역시,동구,계,101928,10371,3601,7721,8007,6536,6871,6768,6721,7652,7601,8389,6732,5595,4454,3100,1809
광주광역시,동구,남자,50391,5329,1833,3830,4167,3343,3581,3601,3478,3802,3727,4008,3085,2517,1975,1381,734
광주광역시,동구,여자,51537,5042,1768,3891,3840,3193,3290,3167,3243,3850,3874,4381,3647,3078,2479,1719,1075
광주광역시,서구,계,284063,34233,14288,17873,22109,16304,18380,22023,24880,27058,22948,21583,14662,11263,8041,5256,3162
광주광역시,서구,남자,138906,17800,7469,8239,11117,8397,9191,10745,12031,13356,11371,10349,6961,5155,3555,2117,1053
광주광역시,서구,여자,145157,16433,6819,9634,10992,7907,9189,11278,12849,13702,11577,11234,7701,6108,4486,3139,2109
광주광역시,남구,계,208935,27830,10289,12242,13330,10954,13745,16540,16888,17261,15673,16765,12382,10041,7258,4816,2921
광주광역시,남구,남자,100358,14059,5050,5694,6773,5544,6656,8094,8450,8349,7471,7718,5765,4506,3305,1997,927
광주광역시,남구,여자,108577,13771,5239,6548,6557,5410,7089,8446,8438,8912,8202,9047,6617,5535,3953,2819,1994
광주광역시,북구,계,418262,51543,19900,26887,31456,25515,28383,31293,33706,36946,34149,33504,22573,17359,12366,7948,4734
광주광역시,북구,남자,206983,26656,10321,12768,16556,13178,14763,15669,16963,18148,16843,16134,10771,8068,5472,3188,1485
광주광역시,북구,여자,211279,24887,9579,14119,14900,12337,13620,15624,16743,18798,17306,17370,11802,9291,6894,4760,3249
광주광역시,광산구,계,395901,63140,23900,26894,27862,23589,29431,36149,38831,37477,28631,22587,13059,9697,6967,4800,2887
광주광역시,광산구,남자,198146,32420,11983,12635,14773,12089,14818,17755,19479,19257,15133,11734,6337,4371,2959,1645,758
광주광역시,광산구,여자,197755,30720,11917,14259,13089,11500,14613,18394,19352,18220,13498,10853,6722,5326,4008,3155,2129
대전광역시,대전광역시,계,1412576,174849,69060,99031,107711,90102,94957,108351,116470,126301,107905,108883,77097,52023,37671,25586,16579
대전광역시,대전광역시,남자,702284,89886,35467,48044,57876,47909,48580,53807,57725,62602,53729,52912,37074,24419,16673,10206,5375
대전광역시,대전광역시,여자,710292,84963,33593,50987,49835,42193,46377,54544,58745,63699,54176,55971,40023,27604,20998,15380,11204
대전광역시,동구,계,219854,23329,10616,18656,14701,11840,13093,15570,16917,18245,16752,18700,14327,10484,7972,5412,3240
대전광역시,동구,남자,110154,12087,5371,9120,8192,6514,6859,8046,8841,9345,8474,8961,6842,4755,3549,2111,1087
대전광역시,동구,여자,109700,11242,5245,9536,6509,5326,6234,7524,8076,8900,8278,9739,7485,5729,4423,3301,2153
대전광역시,중구,계,219943,23706,9845,12119,15065,11840,12509,16003,17915,19797,17690,18731,15030,11342,8702,5894,3755
대전광역시,중구,남자,107334,12132,5031,5706,7520,6156,6333,7998,9003,9926,8830,9006,6950,5175,3831,2427,1310
대전광역시,중구,여자,112609,11574,4814,6413,7545,5684,6176,8005,8912,9871,8860,9725,8080,6167,4871,3467,2445
대전광역시,서구,계,461043,58602,23465,32654,38213,31013,32047,35832,38480,41373,34103,34019,23496,15338,10565,7100,4743
대전광역시,서구,남자,225887,30159,12058,15393,19772,16022,16177,17405,18413,19977,16585,16275,11320,7257,4700,2869,1505
대전광역시,서구,여자,235156,28443,11407,17261,18441,14991,15870,18427,20067,21396,17518,17744,12176,8081,5865,4231,3238
대전광역시,유성구,계,342892,51607,17058,24285,27782,25937,27650,29362,29379,29752,24120,22128,13901,7969,5430,3794,2738
대전광역시,유성구,남자,173698,26496,8853,12125,15660,13948,14073,14356,14531,14785,12224,11045,6966,3965,2395,1482,794
대전광역시,유성구,여자,169194,25111,8205,12160,12122,11989,13577,15006,14848,14967,11896,11083,6935,4004,3035,2312,1944
대전광역시,대덕구,계,168844,17605,8076,11317,11950,9472,9658,11584,13779,17134,15240,15305,10343,6890,5002,3386,2103
대전광역시,대덕구,남자,85211,9012,4154,5700,6732,5269,5138,6002,6937,8569,7616,7625,4996,3267,2198,1317,679
대전광역시,대덕구,여자,83633,8593,3922,5617,5218,4203,4520,5582,6842,8565,7624,7680,5347,3623,2804,2069,1424
울산광역시,울산광역시,계,1072873,147312,46331,52665,69354,65645,76817,88936,89619,104009,97824,90975,60276,37466,22975,14242,8427
울산광역시,울산광역시,남자,547106,76108,24393,28213,38851,35356,39607,45911,44626,50953,50546,45875,29906,18534,10421,5463,2343
울산광역시,울산광역시,여자,525767,71204,21938,24452,30503,30289,37210,43025,44993,53056,47278,45100,30370,18932,12554,8779,6084
울산광역시,중구,계,204515,25067,8300,9571,12835,11500,13314,15836,16320,19706,19551,19126,13709,8840,5589,3379,1872
울산광역시,중구,남자,102751,13029,4395,5099,7064,6121,6832,8169,8119,9506,9878,9420,6522,4215,2504,1324,554
울산광역시,중구,여자,101764,12038,3905,4472,5771,5379,6482,7667,8201,10200,9673,9706,7187,4625,3085,2055,1318
울산광역시,남구,계,302383,36445,13044,16788,22536,20003,20317,23010,25303,31132,28449,25800,17203,10540,6172,3652,1989
울산광역시,남구,남자,153320,18926,6862,8890,12605,10895,10473,11594,11997,15021,14577,12848,8536,5212,2825,1467,592
울산광역시,남구,여자,149063,17519,6182,7898,9931,9108,9844,11416,13306,16111,13872,12952,8667,5328,3347,2185,1397
울산광역시,동구,계,148177,22031,6308,6329,8451,8707,12263,13586,11792,12083,12212,14138,9276,5537,3006,1585,873
울산광역시,동구,남자,76668,11341,3369,3300,4676,4833,6487,7324,6384,6088,6032,6900,4703,2893,1477,636,225
울산광역시,동구,여자,71509,10690,2939,3029,3775,3874,5776,6262,5408,5995,6180,7238,4573,2644,1529,949,648
울산광역시,북구,계,208988,36877,9176,9436,13099,14367,17873,20321,17614,19668,18446,13880,7799,4596,2887,1813,1136
울산광역시,북구,남자,107180,18978,4764,5132,7323,7516,9012,10466,8836,9418,9888,7387,3983,2226,1331,643,277
울산광역시,북구,여자,101808,17899,4412,4304,5776,6851,8861,9855,8778,10250,8558,6493,3816,2370,1556,1170,859
울산광역시,울주군,계,208810,26892,9503,10541,12433,11068,13050,16183,18590,21420,19166,18031,12289,7953,5321,3813,2557
울산광역시,울주군,남자,107187,13834,5003,5792,7183,5991,6803,8358,9290,10920,10171,9320,6162,3988,2284,1393,695
울산광역시,울주군,여자,101623,13058,4500,4749,5250,5077,6247,7825,9300,10500,8995,8711,6127,3965,3037,2420,1862
세종특별자치시,세종특별자치시,계,353038,71305,17502,15933,19989,25682,33523,37254,32005,26584,19797,18918,13106,8328,5727,4169,3216
세종특별자치시,세종특별자치시,남자,175157,36282,8666,7681,10024,12418,16258,18325,16531,13909,10117,9373,6438,4022,2563,1585,965
세종특별자치시,세종특별자치시,여자,177881,35023,8836,8252,9965,13264,17265,18929,15474,12675,9680,9545,6668,4306,3164,2584,2251
세종특별자치시,세종시,계,353038,71305,17502,15933,19989,25682,33523,37254,32005,26584,19797,18918,13106,8328,5727,4169,3216
세종특별자치시,세종시,남자,175157,36282,8666,7681,10024,12418,16258,18325,16531,13909,10117,9373,6438,4022,2563,1585,965
세종특별자치시,세종시,여자,177881,35023,8836,8252,9965,13264,17265,18929,15474,12675,9680,9545,6668,4306,3164,2584,2251
경기도,경기도,계,12872435,1733658,585201,698492,911143,860213,976778,1092491,1113078,1164514,1021331,956823,645248,422841,321059,223059,146506
경기도,경기도,남자,6418639,887810,297449,330950,479310,445295,498961,554035,562007,579243,516637,477246,313864,198010,141139,89201,47482
경기도,경기도,여자,6453796,845848,287752,367542,431833,414918,477817,538456,551071,585271,504694,479577,331384,224831,179920,133858,99024
경기도,수원시,계,1138380,146040,53789,71433,97619,85966,87205,95837,97397,103084,88938,78345,49805,32055,23711,16148,11008
경기도,수원시,남자,568226,75317,27410,33694,51643,45476,44754,48277,48548,50413,44723,39353,23936,14886,10239,6246,3311
경기도,수원시,여자,570154,70723,26379,37739,45976,40490,42451,47560,48849,52671,44215,38992,25869,17169,13472,9902,7697
경기도,장안구,계,260921,30079,13334,18123,20954,15759,16144,19870,22912,25672,22116,19687,12796,8649,6798,4708,3320
경기도,장안구,남자,130111,15463,6843,9037,11548,8481,8210,9792,11263,12459,11225,9844,6143,3954,2895,1909,1045
경기도,장안구,여자,130810,14616,6491,9086,9406,7278,7934,10078,11649,13213,10891,9843,6653,4695,3903,2799,2275
경기도,권선구,계,352058,45926,15034,19903,28818,26750,28654,30218,28670,31228,28897,26095,16423,10163,7115,4869,3295
경기도,권선구,남자,176163,23616,7734,9323,15076,14062,14882,15665,14603,15076,14383,12986,7985,4812,3158,1815,987
경기도,권선구,여자,175895,22310,7300,10580,13742,12688,13772,14553,14067,16152,14514,13109,8438,5351,3957,3054,2308
경기도,팔달구,계,174359,15869,6791,10848,17127,13972,12259,12697,13775,15635,14389,13914,9859,6665,5074,3365,2120
경기도,팔달구,남자,87217,8143,3386,4932,8979,7613,6624,6639,7015,7801,7289,6962,4614,3037,2217,1318,648
경기도,팔달구,여자,87142,7726,3405,5916,8148,6359,5635,6058,6760,7834,7100,6952,5245,3628,2857,2047,1472
경기도,영통구,계,351042,54166,18630,22559,30720,29485,30148,33052,32040,30549,23536,18649,10727,6578,4724,3206,2273
경기도,영통구,남자,174735,28095,9447,10402,16040,15320,15038,16181,15667,15077,11826,9561,5194,3083,1969,1204,631
경기도,영통구,여자,176307,26071,9183,12157,14680,14165,15110,16871,16373,15472,11710,9088,5533,3495,2755,2002,1642
경기도,성남시,계,879056,103610,38730,47225,66499,63408,65379,70821,74821,79908,69311,68627,48040,32246,23723,15778,10930
경기도,성남시,남자,432225,53077,19715,21537,34294,32723,33116,34870,36779,39704,34279,33569,23055,14924,10537,6445,3601
경기도,성남시,여자,446831,50533,19015,25688,32205,30685,32263,35951,38042,40204,35032,35058,24985,17322,13186,9333,7329
경기도,수정구,계,225470,22355,8105,13128,18426,16731,17011,17327,17307,19579,18882,19426,14239,9598,6783,4077,2496
경기도,수정구,남자,113090,11345,4103,6062,9907,8989,9043,9155,9056,9862,9572,9443,6747,4438,2987,1615,766
경기도,수정구,여자,112380,11010,4002,7066,8519,7742,7968,8172,8251,9717,9310,9983,7492,5160,3796,2462,1730
경기도,중원구,계,202637,19405,7626,11078,16927,15171,14595,14791,15610,18038,17534,18443,12734,8671,6054,3756,2204
경기도,중원구,남자,101535,9946,3876,5050,8908,8222,7841,7775,8119,9116,8641,9078,6089,4061,2672,1472,669
경기도,중원구,여자,101102,9459,3750,6028,8019,6949,6754,7016,7491,8922,8893,9365,6645,4610,3382,2284,1535
경기도,분당구,계,450949,61850,22999,23019,31146,31506,33773,38703,41904,42291,32895,30758,21067,13977,10886,7945,6230
경기도,분당구,남자,217600,31786,11736,10425,15479,15512,16232,17940,19604,20726,16066,15048,10219,6425,4878,3358,2166
경기도,분당구,여자,233349,30064,11263,12594,15667,15994,17541,20763,22300,21565,16829,15710,10848,7552,6008,4587,4064
경기도,의정부시,계,441497,52385,19565,25763,32375,27519,30708,34082,36860,40931,37009,35189,24225,16808,13403,9223,5452
경기도,의정부시,남자,216007,27133,9910,11688,16381,13941,15620,17380,18156,19915,18205,17339,11461,7586,5732,3717,1843
경기도,의정부시,여자,225490,25252,9655,14075,15994,13578,15088,16702,18704,21016,18804,17850,12764,9222,7671,5506,3609
경기도,안양시,계,522779,60553,24511,29897,38280,36924,37283,39194,43374,48693,44538,44157,29288,18067,13003,8870,6147
경기도,안양시,남자,256397,31086,12517,13960,19771,18990,19162,19440,21016,23312,21690,21439,14451,8644,5674,3435,1810
경기도,안양시,여자,266382,29467,11994,15937,18509,17934,18121,19754,22358,25381,22848,22718,14837,9423,7329,5435,4337
경기도,만안구,계,229051,22639,9190,13397,17855,16292,15942,15969,17052,20804,20718,21150,14496,9317,6842,4488,2900
경기도,만안구,남자,113597,11600,4705,6283,9358,8558,8442,8344,8562,9903,10230,10287,7099,4513,3037,1793,883
경기도,만안구,여자,115454,11039,4485,7114,8497,7734,7500,7625,8490,10901,10488,10863,7397,4804,3805,2695,2017
경기도,동안구,계,293728,37914,15321,16500,20425,20632,21341,23225,26322,27889,23820,23007,14792,8750,6161,4382,3247
경기도,동안구,남자,142800,19486,7812,7677,10413,10432,10720,11096,12454,13409,11460,11152,7352,4131,2637,1642,927
경기도,동안구,여자,150928,18428,7509,8823,10012,10200,10621,12129,13868,14480,12360,11855,7440,4619,3524,2740,2320
경기도,부천시,계,773504,84703,32479,43476,60042,53797,56046,59252,61829,70858,69684,69814,45015,27293,18484,12422,8310
경기도,부천시,남자,380098,43465,16435,20242,30943,27513,28845,29936,30755,33841,33631,34083,21926,13169,8172,4648,2494
경기도,부천시,여자,393406,41238,16044,23234,29099,26284,27201,29316,31074,37017,36053,35731,23089,14124,10312,7774,5816
경기도,광명시,계,281227,35910,14056,14959,17974,18232,20630,23325,25152,25473,22125,22438,15900,10076,7069,4732,3176
경기도,광명시,남자,137409,18267,7239,6971,9336,9327,10354,11401,12443,12463,11030,10596,7592,4750,2999,1751,890
경기도,광명시,여자,143818,17643,6817,7988,8638,8905,10276,11924,12709,13010,11095,11842,8308,5326,4070,2981,2286
경기도,평택시,계,532081,76253,23081,29044,41058,39834,43317,46934,46189,47247,39600,34811,22873,15304,11961,8859,5716
경기도,평택시,남자,274424,38871,11724,14438,22935,22065,23198,25206,24306,24493,20880,17791,11150,7043,5071,3440,1813
경기도,평택시,여자,257657,37382,11357,14606,18123,17769,20119,21728,21883,22754,18720,17020,11723,8261,6890,5419,3903
경기도,동두천시,계,87709,9768,3769,4548,5367,4522,5083,6000,7109,8004,7574,7745,5577,4367,3764,2911,1601
경기도,동두천시,남자,43556,4929,1886,2258,2934,2402,2608,3059,3663,4221,3949,3854,2646,1898,1544,1139,566
경기도,동두천시,여자,44153,4839,1883,2290,2433,2120,2475,2941,3446,3783,3625,3891,2931,2469,2220,1772,1035
경기도,안산시,계,628346,69505,30331,43159,54197,42488,41330,46600,55085,65749,59144,49406,27460,16821,12375,8767,5929
경기도,안산시,남자,318570,35662,15321,20776,28996,23298,22125,24121,27485,32210,30593,25992,13861,7978,5198,3205,1749
경기도,안산시,여자,309776,33843,15010,22383,25201,19190,19205,22479,27600,33539,28551,23414,13599,8843,7177,5562,4180
경기도,상록구,계,336836,36781,16425,23966,29331,21539,21339,24520,29598,35650,31746,26332,14634,9182,7242,5124,3427
경기도,상록구,남자,170137,18796,8289,11522,15832,11817,11330,12649,14711,17432,16422,13801,7338,4298,2987,1862,1051
경기도,상록구,여자,166699,17985,8136,12444,13499,9722,10009,11871,14887,18218,15324,12531,7296,4884,4255,3262,2376
경기도,단원구,계,291510,32724,13906,19193,24866,20949,19991,22080,25487,30099,27398,23074,12826,7639,5133,3643,2502
경기도,단원구,남자,148433,16866,7032,9254,13164,11481,10795,11472,12774,14778,14171,12191,6523,3680,2211,1343,698
경기도,단원구,여자,143077,15858,6874,9939,11702,9468,9196,10608,12713,15321,13227,10883,6303,3959,2922,2300,1804
경기도,고양시,계,1016185,124873,46666,54555,72152,65115,70877,80199,90355,100591,88467,78079,49418,32101,27188,21106,14443
경기도,고양시,남자,492737,63850,23541,25203,36232,32264,35240,38771,43456,48368,43550,39368,24352,14273,11228,8146,4895
경기도,고양시,여자,523448,61023,23125,29352,35920,32851,35637,41428,46899,52223,44917,38711,25066,17828,15960,12960,9548
경기도,덕양구,계,456205,56552,18293,22904,31699,31349,34861,37037,38142,41885,38676,35648,23959,15891,13261,9792,6256
경기도,덕양구,남자,223369,28918,9167,10831,16121,15595,17682,18519,18963,20438,19181,17828,11600,7124,5496,3843,2063
경기도,덕양구,여자,232836,27634,9126,12073,15578,15754,17179,18518,19179,21447,19495,17820,12359,8767,7765,5949,4193
경기도,일산동구,계,280327,32583,13257,15883,21614,17701,18429,21762,25890,29200,25110,21598,13003,8182,6773,5376,3966
경기도,일산동구,남자,134967,16790,6718,7084,10630,8688,9048,10246,12219,13901,12278,10919,6553,3642,2816,2086,1349
경기도,일산동구,여자,145360,15793,6539,8799,10984,9013,9381,11516,13671,15299,12832,10679,6450,4540,3957,3290,2617
경기도,일산서구,계,279653,35738,15116,15768,18839,16065,17587,21400,26323,29506,24681,20833,12456,8028,7154,5938,4221
경기도,일산서구,남자,134401,18142,7656,7288,9481,7981,8510,10006,12274,14029,12091,10621,6199,3507,2916,2217,1483
경기도,일산서구,여자,145252,17596,7460,8480,9358,8084,9077,11394,14049,15477,12590,10212,6257,4521,4238,3721,2738
경기도,과천시,계,64626,8959,2963,3481,4276,4425,4820,4746,5008,6057,5577,5067,3355,2132,1628,1186,946
경기도,과천시,남자,31561,4651,1500,1670,2164,2211,2412,2362,2423,2802,2752,2478,1655,976,714,481,310
경기도,과천시,여자,33065,4308,1463,1811,2112,2214,2408,2384,2585,3255,2825,2589,1700,1156,914,705,636
경기도,구리시,계,183546,22173,8163,10205,13189,11349,13035,14861,15575,17508,16140,15103,9987,6291,4832,3247,1888
경기도,구리시,남자,90194,11410,4172,4693,6747,5686,6564,7521,7653,8320,8067,7467,4923,2915,2109,1326,621
경기도,구리시,여자,93352,10763,3991,5512,6442,5663,6471,7340,7922,9188,8073,7636,5064,3376,2723,1921,1267
경기도,남양주시,계,691984,101850,33771,35285,40656,36814,49478,62793,63708,63217,53608,50088,36652,25129,19064,12446,7425
경기도,남양주시,남자,341370,52411,17169,16587,20958,18398,23905,30994,32122,31723,27316,24506,17370,11738,8522,5208,2443
경기도,남양주시,여자,350614,49439,16602,18698,19698,18416,25573,31799,31586,31494,26292,25582,19282,13391,10542,7238,4982
경기도,오산시,계,224058,35008,10770,12301,16849,16755,20604,22587,20354,18584,14721,13067,8411,5540,4173,2726,1608
경기도,오산시,남자,115119,17943,5403,5959,9288,9095,10950,11965,10709,9619,7672,6517,4057,2562,1764,1082,534
경기도,오산시,여자,108939,17065,5367,6342,7561,7660,9654,10622,9645,8965,7049,6550,4354,2978,2409,1644,1074
경기도,시흥시,계,494834,73026,22348,27308,35901,35183,42465,46139,44387,47284,40597,32892,18694,11251,8113,5694,3552
경기도,시흥시,남자,255684,37133,11376,13391,19539,18718,22442,24855,23652,24000,21588,17549,9495,5380,3491,2070,1005
경기도,시흥시,여자,239150,35893,10972,13917,16362,16465,20023,21284,20735,23284,19009,15343,9199,5871,4622,3624,2547
경기도,군포시,계,257711,30498,12234,14406,18974,18007,18228,19621,21723,23979,22128,21709,13369,8383,6344,4683,3425
경기도,군포시,남자,126790,15683,6257,6701,9901,9453,9405,9736,10603,11449,10813,10567,6571,4007,2675,1803,1166
경기도,군포시,여자,130921,14815,5977,7705,9073,8554,8823,9885,11120,12530,11315,11142,6798,4376,3669,2880,2259
경기도,의왕시,계,155917,19016,6528,9177,11442,10862,11001,11167,12031,14546,14042,13814,8869,5209,3724,2606,1883
경기도,의왕시,남자,76939,9796,3291,4244,6090,5558,5696,5657,5865,6773,6832,6829,4491,2542,1685,1031,559
경기도,의왕시,여자,78978,9220,3237,4933,5352,5304,5305,5510,6166,7773,7210,6985,4378,2667,2039,1575,1324
경기도,하남시,계,299164,46364,10889,13008,20744,22785,27886,29543,24258,22935,20504,21487,15779,10228,6308,3844,2602
경기도,하남시,남자,148536,23659,5477,5900,10170,11394,14089,15150,12704,11452,10058,10305,7619,5180,3060,1555,764
경기도,하남시,여자,150628,22705,5412,7108,10574,11391,13797,14393,11554,11483,10446,11182,8160,5048,3248,2289,1838
경기도,용인시,계,1019066,152459,51612,57860,64430,59873,75822,92466,96033,92918,71157,62803,47494,35555,28372,18646,11566
경기도,용인시,남자,502067,77914,26332,27020,33721,29882,37305,45081,47621,46337,36306,30841,21899,15969,12994,8501,4344
경기도,용인시,여자,516999,74545,25280,30840,30709,29991,38517,47385,48412,46581,34851,31962,25595,19586,15378,10145,7222
경기도,처인구,계,246120,31918,10875,15202,17120,14666,17743,20451,21208,21950,19854,18900,13354,8640,6577,4495,3167
경기도,처인구,남자,125341,16325,5683,7495,9488,7919,9272,10614,11147,11102,10186,9616,6570,4148,2922,1805,1049
경기도,처인구,여자,120779,15593,5192,7707,7632,6747,8471,9837,10061,10848,9668,9284,6784,4492,3655,2690,2118
경기도,기흥구,계,418052,64415,21277,23482,26109,24154,31207,38728,40223,38750,28431,24524,18745,14320,11509,7569,4609
경기도,기흥구,남자,204816,33029,10847,10881,13679,11933,15225,18770,19697,19207,14417,11790,8508,6302,5267,3457,1807
경기도,기흥구,여자,213236,31386,10430,12601,12430,12221,15982,19958,20526,19543,14014,12734,10237,8018,6242,4112,2802
경기도,수지구,계,354894,56126,19460,19176,21201,21053,26872,33287,34602,32218,22872,19379,15395,12595,10286,6582,3790
경기도,수지구,남자,171910,28560,9802,8644,10554,10030,12808,15697,16777,16028,11703,9435,6821,5519,4805,3239,1488
경기도,수지구,여자,182984,27566,9658,10532,10647,11023,14064,17590,17825,16190,11169,9944,8574,7076,5481,3343,2302
경기도,파주시,계,448563,68115,21020,21559,28348,29169,35305,38937,39452,39598,33165,30697,20953,14844,12497,9084,5820
경기도,파주시,남자,224245,34745,10715,10543,14715,14822,18351,19873,19987,20408,17104,15374,10080,6709,5330,3548,1941
경기도,파주시,여자,224318,33370,10305,11016,13633,14347,16954,19064,19465,19190,16061,15323,10873,8135,7167,5536,3879
경기도,이천시,계,208041,28655,9462,11205,14725,13829,15352,16624,16940,17947,16356,16240,11053,7001,5600,4227,2825
경기도,이천시,남자,106168,14766,4917,5594,8172,7376,8091,8597,8704,9172,8474,8261,5619,3308,2509,1687,921
경기도,이천시,여자,101873,13889,4545,5611,6553,6453,7261,8027,8236,8775,7882,7979,5434,3693,3091,2540,1904
경기도,안성시,계,180373,21761,7729,10536,11347,10179,12026,14358,14697,15926,14616,15345,11073,7422,5793,4484,3081
경기도,안성시,남자,92305,11186,3987,5149,6479,5580,6482,7663,7760,8339,7647,7748,5476,3544,2520,1764,981
경기도,안성시,여자,88068,10575,3742,5387,4868,4599,5544,6695,6937,7587,6969,7597,5597,3878,3273,2720,2100
경기도,김포시,계,462447,80386,19111,19134,26629,30407,43183,48313,40393,35582,30881,29825,21740,14786,10733,6899,4445
경기도,김포시,남자,229433,41009,9601,9155,13225,14607,21296,24604,21262,17999,15562,14616,10236,7028,4885,2864,1484
경기도,김포시,여자,233014,39377,9510,9979,13404,15800,21887,23709,19131,17583,15319,15209,11504,7758,5848,4035,2961
경기도,화성시,계,844967,155437,39743,39812,58014,66213,81777,89206,76075,66311,51200,44861,29663,18451,13016,9059,6129
경기도,화성시,남자,433972,79289,20027,18959,31971,34697,41968,46724,40361,35058,27192,22877,14607,8869,5842,3636,1895
경기도,화성시,여자,410995,76148,19716,20853,26043,31516,39809,42482,35714,31253,24008,21984,15056,9582,7174,5423,4234
경기도,광주시,계,367431,49848,14596,17321,23006,23587,30446,33204,31521,32744,29579,29513,20742,13109,9027,5639,3549
경기도,광주시,남자,185635,25418,7432,8397,12146,12134,15705,17504,16463,16514,14886,14543,10310,6385,4291,2364,1143
경기도,광주시,여자,181796,24430,7164,8924,10860,11453,14741,15700,15058,16230,14693,14970,10432,6724,4736,3275,2406
경기도,양주시,계,222945,31551,10817,11468,13002,12367,14980,18240,20230,19945,17688,17235,12555,8635,6979,4531,2722
경기도,양주시,남자,111781,16038,5520,5566,6875,6384,7569,9155,10464,10170,9267,8622,6092,4061,3182,1871,945
경기도,양주시,여자,111164,15513,5297,5902,6127,5983,7411,9085,9766,9775,8421,8613,6463,4574,3797,2660,1777
경기도,포천시,계,136876,13330,5474,7385,8388,7007,6927,8282,10409,13022,14051,14889,9792,6216,5140,4004,2560
경기도,포천시,남자,71122,6920,2792,3856,4802,3873,3779,4370,5469,6866,7623,7886,5187,3017,2234,1585,863
경기도,포천시,여자,65754,6410,2682,3529,3586,3134,3148,3912,4940,6156,6428,7003,4605,3199,2906,2419,1697
경기도,여주시,계,104400,11125,4056,4946,5646,4958,5696,7088,7841,9272,9713,10512,8412,5188,4347,3374,2226
경기도,여주시,남자,52772,5766,2051,2460,3127,2726,2892,3653,4031,4767,5051,5297,4246,2628,1949,1390,738
경기도,여주시,여자,51628,5359,2005,2486,2519,2232,2804,3435,3810,4505,4662,5215,4166,2560,2398,1984,1488
경기도,연천군,계,39307,3946,1286,1745,2369,1996,1845,2079,2409,2958,3565,4169,3341,2456,2177,1819,1147
경기도,연천군,남자,20287,2004,699,1032,1470,1162,1004,1089,1333,1568,1913,2136,1707,1153,936,681,400
경기도,연천군,여자,19020,1942,587,713,899,834,841,990,1076,1390,1652,2033,1634,1303,1241,1138,747
경기도,가평군,계,55867,5092,1843,2352,2832,2423,2634,3218,3812,4639,5405,6419,5307,3196,2931,2184,1580
경기도,가평군,남자,28470,2557,1007,1275,1651,1355,1374,1694,2038,2385,2840,3240,2704,1530,1363,912,545
경기도,가평군,여자,27397,2535,836,1077,1181,1068,1260,1524,1774,2254,2565,3179,2603,1666,1568,1272,1035
경기도,양평군,계,109548,11459,3809,3939,4813,4220,5410,6775,8051,9004,10248,12477,10406,6681,5580,3861,2815
경기도,양평군,남자,54540,5855,2026,2032,2634,2185,2660,3327,4176,4582,5144,6203,5090,3358,2690,1670,908
경기도,양평군,여자,55008,5604,1783,1907,2179,2035,2750,3448,3875,4422,5104,6274,5316,3323,2890,2191,1907
강원도,강원도,계,1452031,163712,58554,74267,81289,73057,83372,98514,111229,127956,125728,142625,106391,66433,61466,47210,30228
강원도,강원도,남자,725800,84038,30264,39856,45225,38712,42866,49699,56961,65686,63882,70827,52735,30924,26642,18463,9020
강원도,강원도,여자,726231,79674,28290,34411,36064,34345,40506,48815,54268,62270,61846,71798,53656,35509,34824,28747,21208
강원도,춘천시,계,271817,33351,12103,16775,18078,15736,17443,19442,20854,23581,21672,23014,17170,9921,9885,7713,5079
강원도,춘천시,남자,133214,17182,6179,8326,9660,8099,8802,9584,10199,11797,10731,11027,8317,4441,4232,3032,1606
강원도,춘천시,여자,138603,16169,5924,8449,8418,7637,8641,9858,10655,11784,10941,11987,8853,5480,5653,4681,3473
강원도,원주시,계,342994,44624,15866,19437,22446,20746,23297,26490,28520,31036,28414,28900,19446,10910,9850,7938,5074
강원도,원주시,남자,169223,22799,8128,9701,11869,10538,11745,12991,13949,15419,14216,14329,9647,5039,4248,3085,1520
강원도,원주시,여자,173771,21825,7738,9736,10577,10208,11552,13499,14571,15617,14198,14571,9799,5871,5602,4853,3554
강원도,강릉시,계,206957,21294,9425,13881,12030,9419,11078,13945,16495,18060,17233,19651,14868,10076,8823,6444,4235
강원도,강릉시,남자,103184,11037,4977,7659,6883,5114,5652,7044,8424,9141,8568,9396,6987,4626,3865,2522,1289
강원도,강릉시,여자,103773,10257,4448,6222,5147,4305,5426,6901,8071,8919,8665,10255,7881,5450,4958,3922,2946
강원도,동해시,계,84741,10444,3639,3224,4076,3651,4836,6394,7339,7960,7175,8030,6237,4128,3563,2468,1577
강원도,동해시,남자,42773,5386,1909,1864,2302,1989,2524,3202,3909,4123,3697,3896,3010,1959,1532,1014,457
강원도,동해시,여자,41968,5058,1730,1360,1774,1662,2312,3192,3430,3837,3478,4134,3227,2169,2031,1454,1120
강원도,태백시,계,39063,4092,1435,1280,1456,1373,1932,2839,3180,3562,3442,4264,3493,2562,2087,1379,687
강원도,태백시,남자,19656,2118,726,738,810,733,1004,1443,1745,1952,1820,2140,1699,1127,901,519,181
강원도,태백시,여자,19407,1974,709,542,646,640,928,1396,1435,1610,1622,2124,1794,1435,1186,860,506
강원도,속초시,계,78070,9051,3036,3118,4148,4087,4675,5586,6207,7504,7079,7754,5656,3530,3088,2148,1403
강원도,속초시,남자,38733,4613,1574,1752,2328,2284,2428,2816,3072,3677,3558,3735,2795,1582,1305,817,397
강원도,속초시,여자,39337,4438,1462,1366,1820,1803,2247,2770,3135,3827,3521,4019,2861,1948,1783,1331,1006
강원도,삼척시,계,60053,5770,2042,3615,2705,2277,2835,3614,4427,5181,5253,6382,4947,3573,3175,2439,1818
강원도,삼척시,남자,30564,2944,1043,2178,1622,1231,1514,1912,2461,2857,2765,3207,2450,1684,1307,872,517
강원도,삼척시,여자,29489,2826,999,1437,1083,1046,1321,1702,1966,2324,2488,3175,2497,1889,1868,1567,1301
강원도,홍천군,계,62762,5779,1961,2243,2821,2592,2828,3376,4058,5196,6205,7991,6162,3528,3269,2854,1899
강원도,홍천군,남자,31959,2916,996,1260,1685,1440,1497,1775,2170,2708,3259,4075,3257,1784,1434,1142,561
강원도,홍천군,여자,30803,2863,965,983,1136,1152,1331,1601,1888,2488,2946,3916,2905,1744,1835,1712,1338
강원도,횡성군,계,42146,3468,1228,1415,1591,1389,1694,2035,2455,3596,4260,5786,4619,2676,2472,2082,1380
강원도,횡성군,남자,21352,1824,635,759,896,739,865,1097,1341,1856,2182,2984,2394,1383,1122,882,393
강원도,횡성군,여자,20794,1644,593,656,695,650,829,938,1114,1740,2078,2802,2225,1293,1350,1200,987
강원도,영월군,계,34210,2645,1046,994,1141,1117,1373,1681,2306,3094,3548,4383,3595,2315,2165,1762,1045
강원도,영월군,남자,17537,1395,546,570,665,610,732,878,1223,1699,1938,2295,1891,1115,946,696,338
강원도,영월군,여자,16673,1250,500,424,476,507,641,803,1083,1395,1610,2088,1704,1200,1219,1066,707
강원도,평창군,계,37354,2911,1020,1111,1352,1186,1452,2021,2626,3416,3849,5011,3870,2503,2173,1784,1069
강원도,평창군,남자,19050,1465,559,642,804,653,764,1077,1429,1822,2012,2605,2014,1211,983,721,289
강원도,평창군,여자,18304,1446,461,469,548,533,688,944,1197,1594,1837,2406,1856,1292,1190,1063,780
강원도,정선군,계,32615,2825,786,845,1072,1195,1485,1934,2377,3030,3240,4245,3190,2147,1971,1426,847
강원도,정선군,남자,16833,1444,396,495,626,645,799,1078,1355,1740,1735,2203,1689,982,870,546,230
강원도,정선군,여자,15782,1381,390,350,446,550,686,856,1022,1290,1505,2042,1501,1165,1101,880,617
강원도,철원군,계,39188,4812,1517,1567,2143,2050,2067,2352,2710,3102,3443,3852,2900,2143,2156,1575,799
강원도,철원군,남자,19794,2431,775,927,1259,1102,1093,1194,1461,1643,1801,1974,1354,993,928,615,244
강원도,철원군,여자,19394,2381,742,640,884,948,974,1158,1249,1459,1642,1878,1546,1150,1228,960,555
강원도,화천군,계,21456,2505,625,1013,1377,1328,1153,1162,1301,1670,1830,2219,1661,991,1127,950,544
강원도,화천군,남자,11272,1265,330,648,881,798,596,645,690,903,978,1191,887,446,495,356,163
강원도,화천군,여자,10184,1240,295,365,496,530,557,517,611,767,852,1028,774,545,632,594,381
강원도,양구군,계,19641,2480,650,801,1191,1190,1183,1110,1229,1515,1737,2036,1445,875,982,752,465
강원도,양구군,남자,10119,1256,329,505,709,659,626,582,661,809,901,1064,778,384,430,283,143
강원도,양구군,여자,9522,1224,321,296,482,531,557,528,568,706,836,972,667,491,552,469,322
강원도,인제군,계,28958,3603,822,1192,1639,1769,1795,1839,1840,2214,2624,3129,2249,1240,1274,1025,704
강원도,인제군,남자,15246,1856,431,763,995,977,992,960,1047,1217,1352,1679,1173,603,593,400,208
강원도,인제군,여자,13712,1747,391,429,644,792,803,879,793,997,1272,1450,1076,637,681,625,496
강원도,고성군,계,24332,1977,644,929,1063,1014,1085,1200,1612,2029,2299,2887,2343,1561,1676,1228,785
강원도,고성군,남자,12308,1035,347,597,654,585,591,636,885,1107,1163,1454,1163,713,686,460,232
강원도,고성군,여자,12024,942,297,332,409,429,494,564,727,922,1136,1433,1180,848,990,768,553
강원도,양양군,계,25674,2081,709,827,960,938,1161,1494,1693,2210,2425,3091,2540,1754,1730,1243,818
강원도,양양군,남자,12983,1072,384,472,577,516,642,785,940,1216,1206,1573,1230,852,765,501,252
강원도,양양군,여자,12691,1009,325,355,383,422,519,709,753,994,1219,1518,1310,902,965,742,566
충청북도,충청북도,계,1524574,188009,63728,83105,98847,87288,99344,109755,118471,134588,126327,134052,97656,62745,52233,40700,27726
충청북도,충청북도,남자,768142,96388,32932,42738,55917,46973,51620,56468,60648,68139,64756,67369,48081,29867,22399,15487,8360
충청북도,충청북도,여자,756432,91621,30796,40367,42930,40315,47724,53287,57823,66449,61571,66683,49575,32878,29834,25213,19366
충청북도,충주시,계,202627,22723,8513,11824,12161,10517,11924,13564,15444,18149,17536,19106,14136,8701,7830,6380,4119
충청북도,충주시,남자,102215,11577,4445,6333,7198,5854,6259,6917,7908,9090,9012,9637,6911,4059,3370,2408,1237
충청북도,충주시,여자,100412,11146,4068,5491,4963,4663,5665,6647,7536,9059,8524,9469,7225,4642,4460,3972,2882
충청북도,제천시,계,126253,13377,5209,6997,6603,5448,6616,7766,9302,11571,11245,13262,10327,6376,5501,4169,2484
충청북도,제천시,남자,63368,6810,2710,3678,3868,2856,3446,3990,4740,5937,5667,6611,5184,3023,2397,1657,794
충청북도,제천시,여자,62885,6567,2499,3319,2735,2592,3170,3776,4562,5634,5578,6651,5143,3353,3104,2512,1690
충청북도,청주시,계,816503,112759,37302,47937,61987,54915,60718,64664,67046,72123,62784,61286,41847,26061,20289,14681,10104
충청북도,청주시,남자,408392,57723,19159,23673,34304,29165,31179,32909,33348,35502,31562,30153,20235,12219,8712,5539,3010
충청북도,청주시,여자,408111,55036,18143,24264,27683,25750,29539,31755,33698,36621,31222,31133,21612,13842,11577,9142,7094
충청북도,상당구,계,184612,25343,8700,9654,11903,10370,12393,14190,15336,17152,15428,14978,10559,6644,5291,3946,2725
충청북도,상당구,남자,90996,12949,4455,4812,6379,5347,6236,7031,7507,8312,7791,7386,5127,3136,2236,1459,833
충청북도,상당구,여자,93616,12394,4245,4842,5524,5023,6157,7159,7829,8840,7637,7592,5432,3508,3055,2487,1892
충청북도,서원구,계,185590,21770,9126,12667,13718,10515,11115,13241,15533,17682,15320,15545,10802,6856,5339,3780,2581
충청북도,서원구,남자,91647,11164,4676,6214,7685,5565,5636,6550,7570,8528,7611,7568,5166,3107,2341,1474,792
충청북도,서원구,여자,93943,10606,4450,6453,6033,4950,5479,6691,7963,9154,7709,7977,5636,3749,2998,2306,1789
충청북도,흥덕구,계,258217,36446,11297,14876,22278,19926,20989,20866,21217,22796,19533,18091,11632,7001,5124,3584,2561
충청북도,흥덕구,남자,129754,18701,5782,7256,12121,10477,10849,10644,10568,11277,9769,8968,5678,3341,2213,1336,774
충청북도,흥덕구,여자,128463,17745,5515,7620,10157,9449,10140,10222,10649,11519,9764,9123,5954,3660,2911,2248,1787
충청북도,청원구,계,188084,29200,8179,10740,14088,14104,16221,16367,14960,14493,12503,12672,8854,5560,4535,3371,2237
충청북도,청원구,남자,95995,14909,4246,5391,8119,7776,8458,8684,7703,7385,6391,6231,4264,2635,1922,1270,611
충청북도,청원구,여자,92089,14291,3933,5349,5969,6328,7763,7683,7257,7108,6112,6441,4590,2925,2613,2101,1626
충청북도,보은군,계,29357,2270,770,924,936,851,1091,1252,1636,2308,2909,3770,3108,2241,1995,1845,1451
충청북도,보은군,남자,14642,1195,396,540,538,469,565,681,892,1247,1579,1958,1546,1113,829,672,422
충청북도,보은군,여자,14715,1075,374,384,398,382,526,571,744,1061,1330,1812,1562,1128,1166,1173,1029
충청북도,옥천군,계,46196,4202,1510,1745,1754,1503,2008,2551,3108,4038,4336,5277,4416,3268,2679,2107,1694
충청북도,옥천군,남자,23007,2189,817,975,958,798,1006,1329,1664,2082,2309,2640,2166,1639,1120,788,527
충청북도,옥천군,여자,23189,2013,693,770,796,705,1002,1222,1444,1956,2027,2637,2250,1629,1559,1319,1167
충청북도,영동군,계,43168,3521,1519,2201,1587,1270,1596,1990,2675,3554,4054,5086,4154,3194,2900,2342,1525
충청북도,영동군,남자,21535,1838,755,1291,932,652,818,1026,1459,1894,2089,2611,2117,1486,1215,875,477
충청북도,영동군,여자,21633,1683,764,910,655,618,778,964,1216,1660,1965,2475,2037,1708,1685,1467,1048
충청북도,진천군,계,80994,11725,3087,3559,4921,5042,6268,6863,6510,6881,6371,6297,4552,2904,2397,2102,1515
충청북도,진천군,남자,42125,6063,1602,1876,2889,2809,3381,3629,3570,3711,3438,3248,2242,1420,1017,796,434
충청북도,진천군,여자,38869,5662,1485,1683,2032,2233,2887,3234,2940,3170,2933,3049,2310,1484,1380,1306,1081
충청북도,괴산군,계,34349,2040,789,1481,1189,958,1111,1421,1810,2784,3643,4739,3871,2681,2341,2081,1410
충청북도,괴산군,남자,17542,1013,423,902,712,545,602,768,1062,1537,1858,2527,2002,1363,997,819,412
충청북도,괴산군,여자,16807,1027,366,579,477,413,509,653,748,1247,1785,2212,1869,1318,1344,1262,998
충청북도,음성군,계,84570,8815,2917,3927,4572,4079,4710,5864,6667,7925,7986,8659,6285,3969,3469,2754,1972
충청북도,음성군,남자,44318,4551,1523,2110,2655,2340,2585,3188,3680,4389,4339,4618,3186,1931,1566,1047,610
충청북도,음성군,여자,40252,4264,1394,1817,1917,1739,2125,2676,2987,3536,3647,4041,3099,2038,1903,1707,1362
충청북도,단양군,계,25772,1872,721,699,884,784,911,1232,1602,2226,2694,3617,2767,1937,1649,1325,852
충청북도,단양군,남자,13041,979,393,408,501,442,480,654,889,1172,1439,1858,1435,929,669,527,266
충청북도,단양군,여자,12731,893,328,291,383,342,431,578,713,1054,1255,1759,1332,1008,980,798,586
충청북도,증평군,계,34785,4705,1391,1811,2253,1921,2391,2588,2671,3029,2769,2953,2193,1413,1183,914,600
충청북도,증평군,남자,17957,2450,709,952,1362,1043,1299,1377,1436,1578,1464,1508,1057,685,507,359,171
충청북도,증평군,여자,16828,2255,682,859,891,878,1092,1211,1235,1451,1305,1445,1136,728,676,555,429
충청남도,충청남도,계,2020843,262303,84658,103851,117908,116502,138492,155187,158889,170707,156576,164842,122054,93064,71889,58801,45120
충청남도,충청남도,남자,1023838,134962,42888,52118,65557,62843,72983,82185,83637,89691,81898,83084,59712,44474,31197,22286,14323
충청남도,충청남도,여자,997005,127341,41770,51733,52351,53659,65509,73002,75252,81016,74678,81758,62342,48590,40692,36515,30797
충청남도,천안시,계,640612,92666,30561,41847,49858,47719,53391,55490,53654,55385,46394,41840,26256,17390,12486,9265,6410
충청남도,천안시,남자,323847,47607,15438,19665,26461,25304,28115,29115,27050,27917,23868,21350,12884,8183,5440,3497,1953
충청남도,천안시,여자,316765,45059,15123,22182,23397,22415,25276,26375,26604,27468,22526,20490,13372,9207,7046,5768,4457
충청남도,동남구,계,250138,31493,12379,18095,17465,14494,16910,19930,20871,22302,19986,19661,13039,8861,6390,4876,3386
충청남도,동남구,남자,125007,16260,6145,8313,9413,7754,8699,10243,10628,11158,10110,9921,6384,4234,2803,1903,1039
충청남도,동남구,여자,125131,15233,6234,9782,8052,6740,8211,9687,10243,11144,9876,9740,6655,4627,3587,2973,2347
충청남도,서북구,계,390474,61173,18182,23752,32393,33225,36481,35560,32783,33083,26408,22179,13217,8529,6096,4389,3024
충청남도,서북구,남자,198840,31347,9293,11352,17048,17550,19416,18872,16422,16759,13758,11429,6500,3949,2637,1594,914
충청남도,서북구,여자,191634,29826,8889,12400,15345,15675,17065,16688,16361,16324,12650,10750,6717,4580,3459,2795,2110
충청남도,공주시,계,97034,8926,3485,5722,5040,4115,4574,5678,6397,8214,8593,10277,8070,6039,4716,4069,3119
충청남도,공주시,남자,48000,4624,1743,2717,2869,2251,2331,2959,3342,4217,4308,5123,3995,2999,1947,1545,1030
충청남도,공주시,여자,49034,4302,1742,3005,2171,1864,2243,2719,3055,3997,4285,5154,4075,3040,2769,2524,2089
충청남도,보령시,계,92239,9426,3239,3513,4171,3886,4773,5791,6927,7800,7970,9547,7623,6259,4668,3793,2853
충청남도,보령시,남자,46524,4784,1701,1967,2475,2133,2514,3157,3738,4145,4177,4748,3657,2940,2016,1474,898
충청남도,보령시,여자,45715,4642,1538,1546,1696,1753,2259,2634,3189,3655,3793,4799,3966,3319,2652,2319,1955
충청남도,아산시,계,311911,50237,14581,16490,18673,20600,26901,29679,26566,25638,21134,19775,13874,9979,7617,5932,4235
충청남도,아산시,남자,160310,25893,7297,8194,10421,10859,14107,15967,14292,13753,11340,10032,6691,4639,3227,2278,1320
충청남도,아산시,여자,151601,24344,7284,8296,8252,9741,12794,13712,12274,11885,9794,9743,7183,5340,4390,3654,2915
충청남도,서산시,계,168375,23407,6685,6970,9393,9936,11351,13311,13793,14800,13286,13525,9595,7661,6001,4725,3936
충청남도,서산시,남자,87247,12055,3549,3791,5655,5657,6036,7060,7342,7950,7085,6887,4709,3745,2698,1856,1172
충청남도,서산시,여자,81128,11352,3136,3179,3738,4279,5315,6251,6451,6850,6201,6638,4886,3916,3303,2869,2764
충청남도,논산시,계,106717,11074,4111,5002,5021,4662,5209,6327,7507,8883,9125,10830,8672,6727,5350,4615,3602
충청남도,논산시,남자,52687,5674,1985,2629,2721,2504,2666,3261,3986,4691,4679,5396,4258,3141,2302,1653,1141
충청남도,논산시,여자,54030,5400,2126,2373,2300,2158,2543,3066,3521,4192,4446,5434,4414,3586,3048,2962,2461
충청남도,계룡시,계,40332,6648,2590,1877,1845,1664,2603,3658,4350,4127,2983,2860,1979,1216,826,614,492
충청남도,계룡시,남자,19908,3430,1289,1008,1022,837,1240,1679,2176,2038,1503,1371,983,608,352,229,143
충청남도,계룡시,여자,20424,3218,1301,869,823,827,1363,1979,2174,2089,1480,1489,996,608,474,385,349
충청남도,당진시,계,158232,22990,5917,5931,7933,9396,12111,13337,12669,13198,12118,12448,9115,7237,5491,4691,3650
충청남도,당진시,남자,83668,11827,3011,3155,4710,5447,6766,7412,7108,7444,6738,6498,4514,3552,2507,1818,1161
충청남도,당진시,여자,74564,11163,2906,2776,3223,3949,5345,5925,5561,5754,5380,5950,4601,3685,2984,2873,2489
충청남도,금산군,계,47577,4171,1786,2523,1684,1387,1842,2482,3070,4015,4260,5316,4418,3478,2982,2438,1725
충청남도,금산군,남자,23707,2138,919,1327,979,709,943,1287,1677,2152,2303,2688,2202,1691,1270,865,557
충청남도,금산군,여자,23870,2033,867,1196,705,678,899,1195,1393,1863,1957,2628,2216,1787,1712,1573,1168
충청남도,부여군,계,58966,4536,1698,2213,2160,1795,2167,2750,3603,4554,5124,6930,5953,4899,3985,3650,2949
충청남도,부여군,남자,29057,2409,890,1175,1267,975,1139,1448,1942,2410,2605,3471,2934,2281,1749,1367,995
충청남도,부여군,여자,29909,2127,808,1038,893,820,1028,1302,1661,2144,2519,3459,3019,2618,2236,2283,1954
충청남도,서천군,계,46866,3574,1275,1407,1566,1409,1681,2201,2849,3694,4013,5218,4820,4273,3368,3034,2484
충청남도,서천군,남자,23003,1806,680,834,891,776,913,1163,1518,1993,2153,2550,2306,2051,1413,1136,820
충청남도,서천군,여자,23863,1768,595,573,675,633,768,1038,1331,1701,1860,2668,2514,2222,1955,1898,1664
충청남도,청양군,계,28071,1989,696,957,1052,886,989,1165,1615,2132,2669,3422,2818,2325,1964,1836,1556
충청남도,청양군,남자,14187,1031,364,531,616,504,533,661,938,1192,1421,1731,1436,1154,848,688,539
충청남도,청양군,여자,13884,958,332,426,436,382,456,504,677,940,1248,1691,1382,1171,1116,1148,1017
충청남도,홍성군,계,95155,12127,4004,4548,4353,4406,5513,6521,7297,7711,7454,8210,6614,5438,4284,3634,3041
충청남도,홍성군,남자,47148,6245,2012,2357,2422,2300,2773,3348,3790,4085,3820,4072,3171,2570,1852,1339,992
충청남도,홍성군,여자,48007,5882,1992,2191,1931,2106,2740,3173,3507,3626,3634,4138,3443,2868,2432,2295,2049
충청남도,예산군,계,71618,5743,2244,2860,2937,2644,2897,3634,4851,5881,6328,8128,6715,5465,4422,3887,2982
충청남도,예산군,남자,35719,2992,1108,1513,1691,1481,1568,1910,2655,3208,3275,3992,3337,2592,1891,1530,976
충청남도,예산군,여자,35899,2751,1136,1347,1246,1163,1329,1724,2196,2673,3053,4136,3378,2873,2531,2357,2006
충청남도,태안군,계,57138,4789,1786,1991,2222,1997,2490,3163,3741,4675,5125,6516,5532,4678,3729,2618,2086
충청남도,태안군,남자,28826,2447,902,1255,1357,1106,1339,1758,2083,2496,2623,3175,2635,2328,1685,1011,626
충청남도,태안군,여자,28312,2342,884,736,865,891,1151,1405,1658,2179,2502,3341,2897,2350,2044,1607,1460
전라북도,전라북도,계,1692259,199641,73188,94602,97463,81478,96491,116284,133372,147510,138836,146122,110812,92066,71421,54069,38904
전라북도,전라북도,남자,837888,102601,37424,48816,52635,42278,48730,59020,68185,75729,71178,72268,53818,43041,30105,20155,11905
전라북도,전라북도,여자,854371,97040,35764,45786,44828,39200,47761,57264,65187,71781,67658,73854,56994,49025,41316,33914,26999
전라북도,전주시,계,639934,85131,32342,43642,45477,37506,42359,48981,53722,56642,49485,46904,33433,25989,18206,12272,7843
전라북도,전주시,남자,314914,43722,16532,21702,24066,19126,21087,24082,26134,28028,24407,22542,15934,11987,7971,4960,2634
전라북도,전주시,여자,325020,41409,15810,21940,21411,18380,21272,24899,27588,28614,25078,24362,17499,14002,10235,7312,5209
전라북도,완산구,계,325932,39089,16407,22403,23479,18587,19858,23170,27226,30133,26776,25787,18364,14120,9744,6514,4275
전라북도,완산구,남자,158795,20154,8465,10982,12177,9529,9889,11282,12867,14685,13011,12213,8758,6496,4268,2618,1401
전라북도,완산구,여자,167137,18935,7942,11421,11302,9058,9969,11888,14359,15448,13765,13574,9606,7624,5476,3896,2874
전라북도,덕진구,계,314002,46042,15935,21239,21998,18919,22501,25811,26496,26509,22709,21117,15069,11869,8462,5758,3568
전라북도,덕진구,남자,156119,23568,8067,10720,11889,9597,11198,12800,13267,13343,11396,10329,7176,5491,3703,2342,1233
전라북도,덕진구,여자,157883,22474,7868,10519,10109,9322,11303,13011,13229,13166,11313,10788,7893,6378,4759,3416,2335
전라북도,군산시,계,252440,32146,11016,13392,13742,12278,16308,19587,21542,22536,19997,21271,16073,12927,9364,6047,4214
전라북도,군산시,남자,127003,16453,5547,6968,7565,6468,8391,10190,11176,11715,10383,10429,7896,6119,4090,2306,1307
전라북도,군산시,여자,125437,15693,5469,6424,6177,5810,7917,9397,10366,10821,9614,10842,8177,6808,5274,3741,2907
전라북도,익산시,계,263063,29703,11786,17178,16373,12347,14244,17560,20951,23806,22731,23251,17299,13548,9985,7111,5190
전라북도,익산시,남자,130751,15166,6031,8954,9005,6632,7209,8887,10613,11862,11537,11549,8415,6417,4317,2571,1586
전라북도,익산시,여자,132312,14537,5755,8224,7368,5715,7035,8673,10338,11944,11194,11702,8884,7131,5668,4540,3604
전라북도,정읍시,계,98228,9965,3696,3952,4363,3701,4368,5895,7410,8532,8482,9585,7372,6752,5774,4739,3642
전라북도,정읍시,남자,48355,5163,1901,2084,2406,1938,2270,3000,3887,4518,4507,4892,3485,3175,2330,1749,1050
전라북도,정읍시,여자,49873,4802,1795,1868,1957,1763,2098,2895,3523,4014,3975,4693,3887,3577,3444,2990,2592
전라북도,남원시,계,73395,7827,2763,2614,3139,2673,3219,4210,5512,6591,6302,7094,5782,5123,4186,3629,2731
전라북도,남원시,남자,35768,4122,1393,1439,1679,1351,1605,2045,2838,3470,3354,3547,2830,2330,1639,1313,813
전라북도,남원시,여자,37627,3705,1370,1175,1460,1322,1614,2165,2674,3121,2948,3547,2952,2793,2547,2316,1918
전라북도,김제시,계,73353,6603,2322,2666,3044,2665,3192,3926,4883,5836,6353,7672,6292,5815,4833,3957,3294
전라북도,김제시,남자,35766,3379,1166,1443,1644,1417,1655,2100,2683,3141,3304,3798,3030,2669,1979,1399,959
전라북도,김제시,여자,37587,3224,1156,1223,1400,1248,1537,1826,2200,2695,3049,3874,3262,3146,2854,2558,2335
전라북도,완주군,계,86092,10379,3623,4873,4284,3749,4866,6052,6504,7194,7079,7631,5984,4827,3841,2989,2217
전라북도,완주군,남자,43869,5248,1918,2686,2383,1954,2463,3198,3588,3952,3771,3905,3013,2363,1625,1107,695
전라북도,완주군,여자,42223,5131,1705,2187,1901,1795,2403,2854,2916,3242,3308,3726,2971,2464,2216,1882,1522
전라북도,진안군,계,21928,1794,512,672,704,628,758,955,1259,1729,2130,2606,2115,1905,1633,1428,1100
전라북도,진안군,남자,10933,904,279,385,384,307,348,533,736,956,1171,1374,1082,905,721,515,333
전라북도,진안군,여자,10995,890,233,287,320,321,410,422,523,773,959,1232,1033,1000,912,913,767
전라북도,무주군,계,21611,1906,577,578,736,696,818,1103,1445,1804,2008,2417,1950,1616,1524,1409,1024
전라북도,무주군,남자,10658,990,281,324,378,365,443,582,817,1000,1081,1248,985,740,584,525,315
전라북도,무주군,여자,10953,916,296,254,358,331,375,521,628,804,927,1169,965,876,940,884,709
전라북도,장수군,계,19687,1808,524,538,657,607,759,1008,1181,1573,1735,2190,1923,1626,1348,1235,975
전라북도,장수군,남자,9712,940,269,314,373,305,389,564,636,874,938,1117,953,793,528,416,303
전라북도,장수군,여자,9975,868,255,224,284,302,370,444,545,699,797,1073,970,833,820,819,672
전라북도,임실군,계,24193,2000,636,1046,851,816,854,1062,1329,1796,2129,2578,2124,2128,1816,1740,1288
전라북도,임실군,남자,12169,1045,328,566,487,435,448,630,786,1005,1170,1380,1135,993,737,632,392
전라북도,임실군,여자,12024,955,308,480,364,381,406,432,543,791,959,1198,989,1135,1079,1108,896
전라북도,순창군,계,24330,2274,708,685,764,761,966,1254,1605,1959,2071,2619,2080,1922,1878,1660,1124
전라북도,순창군,남자,11773,1181,379,372,422,369,448,655,933,1089,1072,1351,992,874,706,579,351
전라북도,순창군,여자,12557,1093,329,313,342,392,518,599,672,870,999,1268,1088,1048,1172,1081,773
전라북도,고창군,계,48285,4199,1341,1396,1705,1551,1871,2371,3060,3829,4209,5294,4246,4010,3730,3165,2308
전라북도,고창군,남자,23689,2242,717,797,939,803,989,1298,1729,2088,2261,2648,2052,1889,1508,1097,632
전라북도,고창군,여자,24596,1957,624,599,766,748,882,1073,1331,1741,1948,2646,2194,2121,2222,2068,1676
전라북도,부안군,계,45720,3906,1342,1370,1624,1500,1909,2320,2969,3683,4125,5010,4139,3878,3303,2688,1954
전라북도,부안군,남자,22528,2046,683,782,904,808,985,1256,1629,2031,2222,2488,2016,1787,1370,986,535
전라북도,부안군,여자,23192,1860,659,588,720,692,924,1064,1340,1652,1903,2522,2123,2091,1933,1702,1419
전라남도,전라남도,계,1681752,200972,62559,72846,86702,75962,94936,112334,125605,146821,145423,152857,113645,98844,81175,66781,44290
전라남도,전라남도,남자,839235,102694,32316,39634,47609,39549,49127,58498,66401,77846,76570,76928,55731,46606,33573,23854,12299
전라남도,전라남도,여자,842517,98278,30243,33212,39093,36413,45809,53836,59204,68975,68853,75929,57914,52238,47602,42927,31991
전라남도,목포시,계,210703,28197,10179,11348,11690,9622,13630,17085,18329,18721,17049,17581,12476,9992,7545,4801,2458
전라남도,목포시,남자,104419,14474,5194,5889,6144,4912,6940,8741,9404,9577,8449,8421,5890,4570,3273,1818,723
전라남도,목포시,여자,106284,13723,4985,5459,5546,4710,6690,8344,8925,9144,8600,9160,6586,5422,4272,2983,1735
전라남도,여수시,계,256941,31643,10487,11734,15260,12793,15772,18315,20409,23128,22601,22910,17308,14079,9692,6737,4073
전라남도,여수시,남자,130639,16055,5463,6692,8748,6919,8285,9511,10739,12054,11739,11178,8462,6810,4254,2578,1152
전라남도,여수시,여자,126302,15588,5024,5042,6512,5874,7487,8804,9670,11074,10862,11732,8846,7269,5438,4159,2921
전라남도,순천시,계,263669,36708,12556,14181,16907,14493,17229,19329,21537,24595,22659,21121,13664,10652,7690,6031,4317
전라남도,순천시,남자,130702,18895,6407,7268,9059,7471,8682,9479,10473,12138,11531,10575,6799,5147,3263,2278,1237
전라남도,순천시,여자,132967,17813,6149,6913,7848,7022,8547,9850,11064,12457,11128,10546,6865,5505,4427,3753,3080
전라남도,나주시,계,106353,14750,3440,4434,6170,6419,7403,8135,7536,7795,7935,8761,6623,5615,4837,3881,2619
전라남도,나주시,남자,52769,7550,1790,2224,3146,3258,3816,4265,4176,4141,4148,4385,3217,2622,1959,1328,744
전라남도,나주시,여자,53584,7200,1650,2210,3024,3161,3587,3870,3360,3654,3787,4376,3406,2993,2878,2553,1875
전라남도,광양시,계,138952,20136,5881,6268,8687,7799,9458,10724,11389,15379,12955,10790,6661,4857,3178,2750,2040
전라남도,광양시,남자,72057,10277,3052,3599,4964,4190,4984,5641,5725,8015,7287,5627,3477,2388,1302,974,555
전라남도,광양시,여자,66895,9859,2829,2669,3723,3609,4474,5083,5664,7364,5668,5163,3184,2469,1876,1776,1485
전라남도,담양군,계,40133,3455,1025,1501,1849,1445,1716,1921,2509,3406,3857,4434,3400,3029,2677,2330,1579
전라남도,담양군,남자,19762,1742,539,840,1001,733,878,1038,1406,1814,2008,2269,1664,1430,1089,846,465
전라남도,담양군,여자,20371,1713,486,661,848,712,838,883,1103,1592,1849,2165,1736,1599,1588,1484,1114
전라남도,곡성군,계,24724,1768,686,1069,975,703,797,1079,1506,1961,2235,2733,2037,2033,1869,1861,1412
전라남도,곡성군,남자,12091,927,388,625,535,378,419,579,842,1071,1200,1436,1006,928,738,626,393
전라남도,곡성군,여자,12633,841,298,444,440,325,378,500,664,890,1035,1297,1031,1105,1131,1235,1019
전라남도,구례군,계,22374,1804,598,656,703,611,790,1038,1397,2001,2127,2564,1950,1809,1742,1549,1035
전라남도,구례군,남자,10806,900,314,362,391,285,430,543,742,1122,1122,1306,927,824,666,561,311
전라남도,구례군,여자,11568,904,284,294,312,326,360,495,655,879,1005,1258,1023,985,1076,988,724
전라남도,고흥군,계,56661,3972,1287,1391,1509,1420,1792,2362,3128,4194,4931,6526,5686,5803,4855,4521,3284
전라남도,고흥군,남자,27520,2036,693,824,883,762,966,1278,1828,2422,2640,3263,2744,2710,1976,1573,922
전라남도,고흥군,여자,29141,1936,594,567,626,658,826,1084,1300,1772,2291,3263,2942,3093,2879,2948,2362
전라남도,보성군,계,35116,2619,842,984,1082,962,1172,1530,1983,2734,3150,3862,3291,3204,2852,2810,2039
전라남도,보성군,남자,16950,1330,423,559,622,493,600,814,1140,1534,1687,1972,1610,1475,1153,990,548
전라남도,보성군,여자,18166,1289,419,425,460,469,572,716,843,1200,1463,1890,1681,1729,1699,1820,1491
전라남도,화순군,계,55732,5564,2122,2542,2727,1987,2300,3143,4156,5285,5157,5390,3844,3483,3282,2843,1907
전라남도,화순군,남자,26904,2860,1116,1266,1425,1012,1146,1538,2088,2802,2704,2773,1905,1572,1218,942,537
전라남도,화순군,여자,28828,2704,1006,1276,1302,975,1154,1605,2068,2483,2453,2617,1939,1911,2064,1901,1370
전라남도,장흥군,계,33090,2984,857,1062,1129,1084,1290,1574,1988,2668,2987,3525,2838,2673,2337,2250,1844
전라남도,장흥군,남자,15982,1508,481,601,622,535,676,839,1089,1454,1595,1758,1372,1233,944,804,471
전라남도,장흥군,여자,17108,1476,376,461,507,549,614,735,899,1214,1392,1767,1466,1440,1393,1446,1373
전라남도,강진군,계,30446,2604,772,1043,1083,937,1167,1417,1823,2324,2787,3411,2619,2545,2265,2151,1498
전라남도,강진군,남자,14710,1310,390,595,622,494,582,749,1005,1282,1465,1704,1274,1170,934,754,380
전라남도,강진군,여자,15736,1294,382,448,461,443,585,668,818,1042,1322,1707,1345,1375,1331,1397,1118
전라남도,해남군,계,60041,5783,1624,1897,2204,1896,2434,3109,3927,4842,5418,6457,5145,4878,4349,3687,2391
전라남도,해남군,남자,29490,2936,838,1072,1204,976,1258,1629,2203,2668,2922,3293,2487,2280,1779,1338,607
전라남도,해남군,여자,30551,2847,786,825,1000,920,1176,1480,1724,2174,2496,3164,2658,2598,2570,2349,1784
전라남도,영암군,계,48970,5142,1611,2226,2115,1816,2566,3163,3756,4294,4512,4529,3429,3007,2760,2415,1629
전라남도,영암군,남자,25185,2631,830,1226,1206,950,1399,1871,2219,2435,2533,2445,1676,1390,1108,819,447
전라남도,영암군,여자,23785,2511,781,1000,909,866,1167,1292,1537,1859,1979,2084,1753,1617,1652,1596,1182
전라남도,무안군,계,83060,13185,3339,4368,4375,4393,6236,6998,6473,6402,5750,5819,4494,3929,3244,2484,1571
전라남도,무안군,남자,41459,6740,1661,2398,2270,2201,3111,3544,3420,3458,3027,2914,2179,1892,1380,850,414
전라남도,무안군,여자,41601,6445,1678,1970,2105,2192,3125,3454,3053,2944,2723,2905,2315,2037,1864,1634,1157
전라남도,함평군,계,27281,2005,642,846,926,779,886,1225,1653,2179,2530,3042,2569,2309,2298,2035,1357
전라남도,함평군,남자,13600,1052,346,475,577,412,461,703,947,1265,1418,1613,1271,1070,905,699,386
전라남도,함평군,여자,13681,953,296,371,349,367,425,522,706,914,1112,1429,1298,1239,1393,1336,971
전라남도,영광군,계,46638,5456,1401,1565,2030,2071,2244,2567,3101,3719,3925,4418,3585,3448,3075,2514,1519
전라남도,영광군,남자,23052,2755,720,901,1110,995,1159,1369,1715,2093,2079,2292,1731,1587,1245,863,438
전라남도,영광군,여자,23586,2701,681,664,920,1076,1085,1198,1386,1626,1846,2126,1854,1861,1830,1651,1081
전라남도,장성군,계,37627,3910,968,1271,1661,1404,1726,2071,2518,3108,3377,3742,2948,2756,2466,2211,1490
전라남도,장성군,남자,18587,2001,497,712,914,724,903,1112,1376,1720,1797,1929,1438,1247,986,778,453
전라남도,장성군,여자,19040,1909,471,559,747,680,823,959,1142,1388,1580,1813,1510,1509,1480,1433,1037
전라남도,완도군,계,44078,4542,1118,1133,1567,1448,2059,2647,2868,3468,3803,4501,3674,3627,3255,2692,1676
전라남도,완도군,남자,22266,2341,595,685,937,799,1102,1515,1663,2001,2033,2192,1832,1725,1406,983,457
전라남도,완도군,여자,21812,2201,523,448,630,649,957,1132,1205,1467,1770,2309,1842,1902,1849,1709,1219
전라남도,진도군,계,27045,2539,655,722,1042,886,1101,1393,1737,2091,2443,2913,2254,2200,2094,1852,1123
전라남도,진도군,남자,13405,1254,343,451,611,455,593,774,990,1206,1325,1482,1130,1063,813,631,284
전라남도,진도군,여자,13640,1285,312,271,431,431,508,619,747,885,1118,1431,1124,1137,1281,1221,839
전라남도,신안군,계,32118,2206,469,605,1011,994,1168,1509,1882,2527,3235,3828,3150,2916,2813,2376,1429
전라남도,신안군,남자,16880,1120,236,370,618,595,737,966,1211,1574,1861,2101,1640,1473,1182,821,375
전라남도,신안군,여자,15238,1086,233,235,393,399,431,543,671,953,1374,1727,1510,1443,1631,1555,1054
경상북도,경상북도,계,2477239,284499,91218,115211,130844,124209,148434,171895,189606,218044,217639,232450,182165,133466,99925,81741,55893
경상북도,경상북도,남자,1239470,146930,47485,62386,73615,67421,76875,88898,97276,111481,111343,116270,88385,63387,41792,29586,16340
경상북도,경상북도,여자,1237769,137569,43733,52825,57229,56788,71559,82997,92330,106563,106296,116180,93780,70079,58133,52155,39553
경상북도,포항시,남자,239913,31144,9960,11115,14893,13528,15953,18362,18993,22113,21497,22258,17374,11094,6350,3683,1596
경상북도,포항시,여자,237054,28901,9072,9236,11325,11301,15194,17872,19175,21891,21769,23742,17874,11497,8084,5998,4123
경상북도,남구,남자,111771,13898,4497,5144,7158,6227,7255,8751,9022,10695,9995,10305,8231,5243,3049,1653,648
경상북도,남구,여자,106027,12897,4049,3923,5100,4888,6720,7992,8627,9699,9537,10829,8339,5382,3631,2627,1787
경상북도,북구,남자,128142,17246,5463,5971,7735,7301,8698,9611,9971,11418,11502,11953,9143,5851,3301,2030,948
경상북도,북구,여자,131027,16004,5023,5313,6225,6413,8474,9880,10548,12192,12232,12913,9535,6115,4453,3371,2336
경상북도,경주시,계,239573,24706,8942,12631,12253,11341,12799,15551,18599,22167,22356,23020,18210,13771,10174,7798,5255
경상북도,경주시,남자,119436,12675,4753,6778,6980,6174,6614,8128,9465,11240,11486,11535,8703,6422,4302,2693,1488
경상북도,경주시,여자,120137,12031,4189,5853,5273,5167,6185,7423,9134,10927,10870,11485,9507,7349,5872,5105,3767
경상북도,김천시,계,129707,15276,4306,5556,6490,6386,7631,8752,9360,11079,11263,12281,10069,7325,5508,4890,3535
경상북도,김천시,남자,64228,7919,2150,2928,3620,3427,3867,4600,4828,5679,5801,6150,4773,3423,2240,1748,1075
경상북도,김천시,여자,65479,7357,2156,2628,2870,2959,3764,4152,4532,5400,5462,6131,5296,3902,3268,3142,2460
경상북도,안동시,계,149226,16272,5894,7493,7809,6808,7825,9492,11162,12652,12171,14231,11605,8728,7184,5840,4060
경상북도,안동시,남자,73630,8469,3035,3876,4274,3612,3958,4780,5795,6541,6151,7046,5445,4179,3028,2203,1238
경상북도,안동시,여자,75596,7803,2859,3617,3535,3196,3867,4712,5367,6111,6020,7185,6160,4549,4156,3637,2822
경상북도,구미시,계,396694,61289,18276,21584,27418,28172,34000,35925,35031,36962,31480,26391,16024,9501,6407,4927,3307
경상북도,구미시,남자,202634,31673,9389,12031,15093,15233,17724,18356,17085,18203,16391,13660,8059,4533,2607,1672,925
경상북도,구미시,여자,194060,29616,8887,9553,12325,12939,16276,17569,17946,18759,15089,12731,7965,4968,3800,3255,2382
경상북도,영주시,계,95814,9711,3349,4236,4106,3489,4289,5749,7154,8352,8312,10065,8572,6387,4998,4225,2820
경상북도,영주시,남자,47291,4981,1776,2281,2364,1918,2202,2921,3661,4334,4177,4935,4037,3059,2125,1643,877
경상북도,영주시,여자,48523,4730,1573,1955,1742,1571,2087,2828,3493,4018,4135,5130,4535,3328,2873,2582,1943
경상북도,영천시,계,93566,8436,2596,3711,4456,4125,4584,5112,6446,8050,8686,9964,8311,6888,5210,4183,2808
경상북도,영천시,남자,46818,4380,1346,2167,2520,2218,2461,2728,3464,4233,4453,5046,4013,3330,2141,1494,824
경상북도,영천시,여자,46748,4056,1250,1544,1936,1907,2123,2384,2982,3817,4233,4918,4298,3558,3069,2689,1984
경상북도,상주시,계,88861,8030,2755,3421,3228,2980,3733,4521,5807,7173,8208,9972,8353,6646,5289,5057,3688
경상북도,상주시,남자,43572,4189,1470,2021,1864,1576,1983,2346,3036,3826,4235,5017,3974,3114,2139,1740,1042
경상북도,상주시,여자,45289,3841,1285,1400,1364,1404,1750,2175,2771,3347,3973,4955,4379,3532,3150,3317,2646
경상북도,문경시,계,64579,6090,2043,2107,2381,2234,2902,3535,4496,5198,5882,7164,6133,4822,3891,3390,2311
경상북도,문경시,남자,31511,3161,1085,1132,1305,1193,1501,1859,2397,2725,2989,3532,2943,2252,1587,1242,608
경상북도,문경시,여자,33068,2929,958,975,1076,1041,1401,1676,2099,2473,2893,3632,3190,2570,2304,2148,1703
경상북도,경산시,계,264626,30760,10919,20127,18556,15671,17067,19302,21306,23420,21620,21081,15578,11596,7979,5936,3708
경상북도,경산시,남자,132250,15729,5591,10009,10477,8556,8922,9952,10765,11532,10803,10405,7379,5279,3462,2213,1176
경상북도,경산시,여자,132376,15031,5328,10118,8079,7115,8145,9350,10541,11888,10817,10676,8199,6317,4517,3723,2532
경상북도,군위군,계,20338,996,343,494,626,519,588,758,994,1492,2127,2641,2437,2044,1691,1508,1080
경상북도,군위군,남자,10276,532,190,292,380,315,305,442,570,824,1166,1388,1258,998,731,548,337
경상북도,군위군,여자,10062,464,153,202,246,204,283,316,424,668,961,1253,1179,1046,960,960,743
경상북도,의성군,계,45994,2680,765,999,1338,1341,1450,1712,2196,3158,4385,5936,5494,4529,3919,3556,2536
경상북도,의성군,남자,22336,1403,407,588,747,761,778,956,1276,1720,2255,3012,2671,2092,1616,1288,766
경상북도,의성군,여자,23658,1277,358,411,591,580,672,756,920,1438,2130,2924,2823,2437,2303,2268,1770
경상북도,청송군,계,22539,1415,382,517,736,690,784,914,1205,1814,2377,2875,2504,2058,1746,1513,1009
경상북도,청송군,남자,11198,744,184,280,460,424,420,521,687,995,1237,1436,1217,1004,700,550,339
경상북도,청송군,여자,11341,671,198,237,276,266,364,393,518,819,1140,1439,1287,1054,1046,963,670
경상북도,영양군,계,15040,1086,325,307,456,450,517,643,848,1200,1453,1855,1610,1262,1225,1099,704
경상북도,영양군,남자,7477,569,165,177,259,232,276,380,496,704,773,933,821,595,495,410,192
경상북도,영양군,여자,7563,517,160,130,197,218,241,263,352,496,680,922,789,667,730,689,512
경상북도,영덕군,계,32234,2350,772,650,1018,905,1191,1473,1873,2519,2979,3701,3370,2879,2651,2335,1568
경상북도,영덕군,남자,15225,1181,387,389,586,495,604,768,1054,1410,1530,1784,1576,1288,973,774,426
경상북도,영덕군,여자,17009,1169,385,261,432,410,587,705,819,1109,1449,1917,1794,1591,1678,1561,1142
경상북도,포항시,남자,239913,31144,9960,11115,14893,13528,15953,18362,18993,22113,21497,22258,17374,11094,6350,3683,1596
경상북도,포항시,여자,237054,28901,9072,9236,11325,11301,15194,17872,19175,21891,21769,23742,17874,11497,8084,5998,4123
경상북도,남구,남자,111771,13898,4497,5144,7158,6227,7255,8751,9022,10695,9995,10305,8231,5243,3049,1653,648
경상북도,남구,여자,106027,12897,4049,3923,5100,4888,6720,7992,8627,9699,9537,10829,8339,5382,3631,2627,1787
경상북도,북구,남자,128142,17246,5463,5971,7735,7301,8698,9611,9971,11418,11502,11953,9143,5851,3301,2030,948
경상북도,북구,여자,131027,16004,5023,5313,6225,6413,8474,9880,10548,12192,12232,12913,9535,6115,4453,3371,2336
경상북도,성주군,계,37782,2682,821,1080,1477,1371,1505,1766,2221,3117,4056,4886,3982,3201,2234,1884,1499
경상북도,성주군,남자,19221,1379,447,631,869,753,795,1050,1266,1679,2129,2553,1992,1551,981,747,399
경상북도,성주군,여자,18561,1303,374,449,608,618,710,716,955,1438,1927,2333,1990,1650,1253,1137,1100
경상북도,칠곡군,계,106904,14424,4533,4677,5377,5749,7833,9591,10131,10118,8891,8190,5760,4088,3142,2592,1808
경상북도,칠곡군,남자,54865,7420,2420,2650,2954,3104,4116,5022,5358,5308,4766,4290,2790,1967,1216,902,582
경상북도,칠곡군,여자,52039,7004,2113,2027,2423,2645,3717,4569,4773,4810,4125,3900,2970,2121,1926,1690,1226
경상북도,예천군,계,52121,6835,1545,1306,1837,2257,2884,3507,3419,3579,3970,4940,4442,3532,2982,2869,2217
경상북도,예천군,남자,25427,3487,807,710,980,1136,1413,1779,1895,1918,1992,2499,2181,1653,1266,1079,632
경상북도,예천군,여자,26694,3348,738,596,857,1121,1471,1728,1524,1661,1978,2441,2261,1879,1716,1790,1585
경상북도,봉화군,계,27897,1986,537,565,745,704,929,1191,1606,2211,2934,3637,3076,2427,2014,1908,1427
경상북도,봉화군,남자,13908,1025,276,331,428,398,469,672,938,1186,1548,1865,1594,1176,832,702,468
경상북도,봉화군,여자,13989,961,261,234,317,306,460,519,668,1025,1386,1772,1482,1251,1182,1206,959
경상북도,울진군,계,43694,4324,1281,1238,1887,1900,2017,2634,3035,3768,4010,4649,3650,2749,2571,2258,1723
경상북도,울진군,남자,21907,2262,685,759,1132,1085,1054,1378,1700,2061,2177,2350,1758,1308,1034,749,415
경상북도,울진군,여자,21787,2062,596,479,755,815,963,1256,1335,1707,1833,2299,1892,1441,1537,1509,1308
경상북도,울릉군,계,7872,600,156,221,391,337,411,504,605,782,832,937,678,551,404,275,188
경상북도,울릉군,남자,4279,299,73,136,257,203,236,309,367,473,468,487,352,268,176,109,66
경상북도,울릉군,여자,3593,301,83,85,134,134,175,195,238,309,364,450,326,283,228,166,122
경상남도,경상남도,계,3136673,409888,131838,143741,172973,165388,207433,248232,261268,291479,266367,274342,198917,139142,99465,76383,49817
경상남도,경상남도,남자,1569359,211109,68664,77685,94981,86882,106526,127108,133150,146674,135477,136585,96903,65279,41579,27059,13698
경상남도,경상남도,여자,1567314,198779,63174,66056,77992,78506,100907,121124,128118,144805,130890,137757,102014,73863,57886,49324,36119
경상남도,진주시,계,335545,43935,15241,20024,21777,18717,21392,24845,27200,29996,26179,27759,20150,14617,10649,7866,5198
경상남도,진주시,남자,165484,22842,7994,10335,12001,9911,10641,12293,13529,14726,12977,13365,9541,6658,4499,2814,1358
경상남도,진주시,여자,170061,21093,7247,9689,9776,8806,10751,12552,13671,15270,13202,14394,10609,7959,6150,5052,3840
경상남도,통영시,계,118147,15338,4832,3902,4601,4872,7385,9856,10164,10790,10101,11657,8883,6511,4411,3047,1797
경상남도,통영시,남자,59075,7735,2561,2219,2482,2478,3757,5163,5464,5673,5074,5626,4309,3116,1873,1036,509
경상남도,통영시,여자,59072,7603,2271,1683,2119,2394,3628,4693,4700,5117,5027,6031,4574,3395,2538,2011,1288
경상남도,사천시,계,102566,12835,3782,3620,4809,4764,6189,8096,8590,9111,8201,9112,7312,5809,4453,3504,2379
경상남도,사천시,남자,51398,6616,1938,2176,2870,2620,3248,4149,4574,4805,4291,4385,3477,2631,1764,1238,616
경상남도,사천시,여자,51168,6219,1844,1444,1939,2144,2941,3947,4016,4306,3910,4727,3835,3178,2689,2266,1763
경상남도,김해시,계,513037,75842,25906,27566,31369,29185,36526,44984,48810,52640,42982,37005,23351,15334,10399,7062,4076
경상남도,김해시,남자,257484,38791,13457,14467,16845,15149,18516,22455,23851,26246,22244,19008,11536,6992,4354,2442,1131
경상남도,김해시,여자,255553,37051,12449,13099,14524,14036,18010,22529,24959,26394,20738,17997,11815,8342,6045,4620,2945
경상남도,밀양시,계,95600,8699,3058,3308,4052,3575,4455,5547,6230,7921,9129,11214,9422,6955,5163,4140,2732
경상남도,밀양시,남자,46704,4467,1590,1830,2350,1914,2281,2894,3293,3995,4500,5500,4573,3226,2145,1369,777
경상남도,밀양시,여자,48896,4232,1468,1478,1702,1661,2174,2653,2937,3926,4629,5714,4849,3729,3018,2771,1955
경상남도,거제시,계,229908,39145,10629,8482,9900,12153,20561,23456,22713,21663,17216,16930,11054,6687,4212,2960,2147
경상남도,거제시,남자,119758,20256,5499,4797,5369,6148,10747,12726,12164,11746,9183,8672,5603,3408,1826,1055,559
경상남도,거제시,여자,110150,18889,5130,3685,4531,6005,9814,10730,10549,9917,8033,8258,5451,3279,2386,1905,1588
경상남도,양산시,계,337160,50566,14561,15063,19832,20640,26007,30229,29006,30451,26719,26111,18164,12313,8547,5731,3220
경상남도,양산시,남자,167333,25857,7303,7708,10373,10490,13296,15300,14652,14787,13547,12819,8595,5682,3719,2159,1046
경상남도,양산시,여자,169827,24709,7258,7355,9459,10150,12711,14929,14354,15664,13172,13292,9569,6631,4828,3572,2174
경상남도,창원시,계,985382,127625,41868,49349,61977,58292,68362,79743,81611,93050,86909,86280,60489,38707,24609,16623,9888
경상남도,창원시,남자,496344,65848,22003,26805,34249,31033,35530,40763,41001,45224,43237,42700,29491,18419,10891,6284,2866
경상남도,창원시,여자,489038,61777,19865,22544,27728,27259,32832,38980,40610,47826,43672,43580,30998,20288,13718,10339,7022
경상남도,의창구,계,208276,26797,8176,11083,14134,12837,14848,16320,16651,20361,19666,18625,12248,7221,4402,3039,1868
경상남도,의창구,남자,105421,13748,4335,5945,7852,6832,7758,8445,8353,9626,9847,9432,6069,3586,1956,1097,540
경상남도,의창구,여자,102855,13049,3841,5138,6282,6005,7090,7875,8298,10735,9819,9193,6179,3635,2446,1942,1328
경상남도,성산구,계,240607,30533,11548,13320,18427,16801,16462,18647,21032,26150,24302,20346,10679,5710,3112,2085,1453
경상남도,성산구,남자,121828,15803,6123,7230,10150,9097,8500,9170,9758,12104,12126,10805,5557,2908,1416,719,362
경상남도,성산구,여자,118779,14730,5425,6090,8277,7704,7962,9477,11274,14046,12176,9541,5122,2802,1696,1366,1091
경상남도,마산합포구,계,171651,20170,5911,8260,9223,9161,11614,13112,12320,14281,13920,16563,13642,9732,6546,4501,2695
경상남도,마산합포구,남자,85037,10388,3066,4516,5047,4826,6100,6952,6403,7045,6794,7720,6350,4507,2839,1691,793
경상남도,마산합포구,여자,86614,9782,2845,3744,4176,4335,5514,6160,5917,7236,7126,8843,7292,5225,3707,2810,1902
경상남도,마산회원구,계,179106,20697,7753,8598,10292,9017,10908,13790,14690,16862,15969,16939,13331,9086,5684,3625,1865
경상남도,마산회원구,남자,89254,10732,4010,4567,5602,4804,5665,7032,7464,8303,7882,8079,6361,4167,2574,1454,558
경상남도,마산회원구,여자,89852,9965,3743,4031,4690,4213,5243,6758,7226,8559,8087,8860,6970,4919,3110,2171,1307
경상남도,진해구,계,185742,29428,8480,8088,9901,10476,14530,17874,16918,15396,13052,13807,10589,6958,4865,3373,2007
경상남도,진해구,남자,94804,15177,4469,4547,5598,5474,7507,9164,9023,8146,6588,6664,5154,3251,2106,1323,613
경상남도,진해구,여자,90938,14251,4011,3541,4303,5002,7023,8710,7895,7250,6464,7143,5435,3707,2759,2050,1394
경상남도,의령군,계,23626,1627,521,635,808,711,835,1030,1373,1887,2196,2910,2495,1881,1707,1699,1311
경상남도,의령군,남자,11555,842,296,376,457,384,440,558,764,1059,1170,1542,1274,872,622,563,336
경상남도,의령군,여자,12071,785,225,259,351,327,395,472,609,828,1026,1368,1221,1009,1085,1136,975
경상남도,함안군,계,57679,6476,2168,2078,2274,2117,2850,3910,4469,5077,5115,6058,4840,3539,2663,2438,1607
경상남도,함안군,남자,29136,3297,1201,1176,1337,1111,1420,2024,2436,2795,2700,3183,2430,1746,1032,803,445
경상남도,함안군,여자,28543,3179,967,902,937,1006,1430,1886,2033,2282,2415,2875,2410,1793,1631,1635,1162
경상남도,창녕군,계,54599,4726,1360,1653,2015,2071,2448,2984,3340,4471,5291,6501,5354,4128,3341,2992,1924
경상남도,창녕군,남자,26965,2515,687,928,1151,1141,1281,1637,1855,2447,2688,3240,2600,1951,1326,1011,507
경상남도,창녕군,여자,27634,2211,673,725,864,930,1167,1347,1485,2024,2603,3261,2754,2177,2015,1981,1417
경상남도,고성군,계,45562,4081,1310,1316,1561,1376,1970,2554,3010,4011,4186,5095,4380,3567,2824,2460,1861
경상남도,고성군,남자,22525,2125,653,795,882,773,1044,1388,1638,2184,2173,2554,2113,1709,1151,854,489
경상남도,고성군,여자,23037,1956,657,521,679,603,926,1166,1372,1827,2013,2541,2267,1858,1673,1606,1372
경상남도,남해군,계,38444,2643,930,997,1186,985,1199,1651,2400,3137,3591,4471,3778,3492,2882,2803,2299
경상남도,남해군,남자,18504,1392,491,649,712,523,614,865,1287,1737,1856,2208,1804,1646,1168,987,565
경상남도,남해군,여자,19940,1251,439,348,474,462,585,786,1113,1400,1735,2263,1974,1846,1714,1816,1734
경상남도,하동군,계,38757,2806,956,981,1199,1127,1240,1641,2461,3474,3761,4770,3881,3208,2745,2527,1980
경상남도,하동군,남자,19109,1481,514,602,688,632,653,888,1344,1925,1963,2468,1939,1507,1102,877,526
경상남도,하동군,여자,19648,1325,442,379,511,495,587,753,1117,1549,1798,2302,1942,1701,1643,1650,1454
경상남도,산청군,계,30836,2102,658,755,921,847,974,1314,1755,2698,3063,3876,3368,2578,2274,2148,1505
경상남도,산청군,남자,15125,1111,345,444,523,451,513,707,955,1459,1642,1987,1725,1268,878,727,390
경상남도,산청군,여자,15711,991,313,311,398,396,461,607,800,1239,1421,1889,1643,1310,1396,1421,1115
경상남도,함양군,계,35021,2917,1033,920,1176,989,1308,1646,2215,3126,3269,3945,3348,2754,2416,2366,1593
경상남도,함양군,남자,16881,1494,545,532,652,519,642,845,1237,1670,1750,1977,1649,1242,916,831,380
경상남도,함양군,여자,18140,1423,488,388,524,470,666,801,978,1456,1519,1968,1699,1512,1500,1535,1213
경상남도,거창군,계,56135,6053,2214,2098,2303,2012,2551,3157,3887,4949,4893,5720,4595,3571,3054,2931,2147
경상남도,거창군,남자,27335,3144,1159,1282,1319,1087,1256,1587,1958,2540,2549,2828,2232,1611,1158,993,632
경상남도,거창군,여자,28800,2909,1055,816,984,925,1295,1570,1929,2409,2344,2892,2363,1960,1896,1938,1515
경상남도,합천군,계,38669,2472,811,994,1213,955,1181,1589,2034,3027,3566,4928,4053,3491,3116,3086,2153
경상남도,합천군,남자,18644,1296,428,564,721,518,647,866,1148,1656,1933,2523,2012,1595,1155,1016,566
경상남도,합천군,여자,20025,1176,383,430,492,437,534,723,886,1371,1633,2405,2041,1896,1961,2070,1587
제주특별자치도,제주특별자치도,계,637155,93130,29825,30130,39320,35302,43944,51774,55087,57853,51062,46889,33376,24644,19342,14594,10883
제주특별자치도,제주특별자치도,남자,317008,47994,15604,14837,20356,17703,21793,25977,28384,29779,26313,23453,16210,11576,8514,5561,2954
제주특별자치도,제주특별자치도,여자,320147,45136,14221,15293,18964,17599,22151,25797,26703,28074,24749,23436,17166,13068,10828,9033,7929
제주특별자치도,제주시,계,468227,70117,23011,23694,30679,27237,33355,38588,40700,42440,36742,32849,22898,16436,12826,9522,7133
제주특별자치도,제주시,남자,232633,36138,11990,11585,15803,13706,16613,19319,20668,21568,18823,16420,11113,7681,5642,3633,1931
제주특별자치도,제주시,여자,235594,33979,11021,12109,14876,13531,16742,19269,20032,20872,17919,16429,11785,8755,7184,5889,5202
제주특별자치도,서귀포시,계,168928,23013,6814,6436,8641,8065,10589,13186,14387,15413,14320,14040,10478,8208,6516,5072,3750
제주특별자치도,서귀포시,남자,84375,11856,3614,3252,4553,3997,5180,6658,7716,8211,7490,7033,5097,3895,2872,1928,1023
제주특별자치도,서귀포시,여자,84553,11157,3200,3184,4088,4068,5409,6528,6671,7202,6830,7007,5381,4313,3644,3144,2727
