랭크,카테고리,채널,구독자수,조회수,비디오
1,음악/댄스/가수,BLACKPINK,87300000,30533500000,507
2,음악/댄스/가수,BANGTANTV,74500000,20143000000,2188
3,음악/댄스/가수,HYBE LABELS,70300000,27323160000,1158
4,음악/댄스/가수,SMTOWN,31600000,26794810000,4110
5,음악/댄스/가수,JYP Entertainment,26800000,19275070000,1668
6,키즈/어린이,Boram Tube Vlog [보람튜브 브이로그],26500000,11052880000,223
7,음악/댄스/가수,1MILLION Dance Studio,26000000,7770790000,5297
8,음악/댄스/가수,1theK (원더케이),24500000,23634050000,18108
9,음악/댄스/가수,Mnet K-POP,20500000,14645400000,32149
10,TV/방송,KBS WORLD TV,18800000,14840730000,62875
11,음악/댄스/가수,officialpsy,18000000,10522470000,125
13,음식/요리/레시피,Jane ASMR 제인,17600000,7212510000,2079
12,음악/댄스/가수,JFlaMusic,17600000,3780810000,317
14,음악/댄스/가수,TWICE,15700000,4806750000,1086
15,음악/댄스/가수,BIGBANG,15000000,7726250000,776
16,음식/요리/레시피,Hongyu ASMR 홍유,14900000,4947380000,624
17,키즈/어린이,Boram Tube ToysReview [보람튜브 토이리뷰],14500000,5001020000,605
18,키즈/어린이,서은일상이야기,13900000,2572780000,696
19,키즈/어린이,BIBO와 장난감,12900000,3160580000,181
20,음악/댄스/가수,Stray Kids,12400000,2953450000,761
22,음식/요리/레시피,[햄지]Hamzy,11200000,3770110000,586
21,키즈/어린이,핑크퐁 (인기 동요・동화),11200000,7031990000,3049
24,키즈/어린이,토이몽 TV - ToyMong Tv,10900000,4458440000,1462
23,키즈/어린이,DuDuPopTOY,10900000,5045280000,2501
26,음악/댄스/가수,TOMORROW X TOGETHER OFFICIAL,10600000,1317930000,1468
25,음악/댄스/가수,Stone Music Entertainment,10600000,9386300000,10028
27,TV/방송,MBCkpop,10300000,8850200000,45660
28,미분류,GH'S,10100000,6193280000,383
29,키즈/어린이,Larva TUBA,9970000,4490570000,2106
30,음식/요리/레시피,쏘영 Ssoyoung,9720000,1469560000,783
31,키즈/어린이,서은이야기[SeoeunStory],9400000,2617430000,1218
32,음악/댄스/가수,EXO,9240000,859670000,410
33,음악/댄스/가수,SEVENTEEN,9200000,3853450000,1454
34,키즈/어린이,Boram Tube [宝蓝和朋友们],9180000,2473720000,484
35,음악/댄스/가수,Mnet TV,9050000,11530740000,21998
36,TV/방송,M2,8960000,7776310000,18712
37,뉴스/정치/사회,MBCentertainment,8950000,16816140000,97025
38,음식/요리/레시피,문복희 Eat with Boki,8860000,2432920000,699
39,음악/댄스/가수,iKON,8770000,2489750000,604
40,해외,Serie A,8760000,3362500000,25316
41,음악/댄스/가수,이지금 [IU Official],8490000,2040400000,168
42,음악/댄스/가수,ITZY,8170000,2058620000,1043
43,음식/요리/레시피,tzuyang쯔양,8020000,1836070000,515
44,미분류,CRAZY GREAPA,7980000,6604390000,687
45,TV/방송,KBS Kpop,7700000,6928320000,38268
46,키즈/어린이,MariAndKids,7680000,2244740000,696
47,음악/댄스/가수,ENHYPEN,7620000,1219920000,822
48,뉴스/정치/사회,JTBC Entertainment,7600000,11637980000,78000
49,음악/댄스/가수,YG ENTERTAINMENT,7430000,1920150000,410
50,음식/요리/레시피,야미보이 Yummyboy,7410000,3045430000,1045
51,키즈/어린이,SonicToy소닉토이,7300000,3143330000,170
52,TV/방송,스브스케이팝 X INKIGAYO,7280000,5755140000,32406
53,음악/댄스/가수,Sungha Jung,7070000,1978620000,1379
54,키즈/어린이,미니특공대TV,6990000,3903650000,1444
55,음악/댄스/가수,MAMAMOO,6950000,2324760000,835
56,음악/댄스/가수,TREASURE (트레저),6890000,1946460000,711
57,음악/댄스/가수,ALL THE K-POP,6800000,4495880000,26475
58,TV/방송,SBS Entertainment,6760000,8668180000,226145
59,회사/오피셜,YouTube Originals,6740000,677540000,522
60,키즈/어린이,[장난감티비]TOYTV,6630000,2975560000,1672
61,TV/방송,SBS Drama,6620000,7321040000,345476
62,TV/방송,tvN drama,6610000,7594620000,51392
63,음식/요리/레시피,5 분 Tricks,6470000,2599950000,4438
64,회사/오피셜,Samsung,6380000,1610020000,1776
65,미분류,승비니 Seungbini,6360000,4298170000,591
66,키즈/어린이,With Kids Playground [위드키즈 놀이터],6330000,2295330000,496
67,음악/댄스/가수,GOT7,6280000,896290000,579
68,음악/댄스/가수,Rosesarerosie,6090000,75300000,10
69,패션/미용,PONY Syndrome,5950000,338300000,235
70,음악/댄스/가수,NCT DREAM,5930000,1184510000,543
71,음악/댄스/가수,starshipTV,5890000,3944220000,2122
72,음악/댄스/가수,NCT,5820000,831230000,555
73,키즈/어린이,미니팡TV,5800000,3754170000,917
74,음식/요리/레시피,백종원 PAIK JONG WON,5770000,885650000,519
75,키즈/어린이,PinkyPopTOY,5760000,758330000,135
76,키즈/어린이,스위트티비 SweetTV,5590000,2859640000,436
77,음악/댄스/가수,2NE1,5580000,2244890000,321
78,BJ/인물/연예인,영국남자 Korean Englishman,5570000,1951170000,518
79,미분류,MayTree,5550000,1204650000,221
80,키즈/어린이,TOY GUMA,5470000,1801990000,390
81,음식/요리/레시피,푸메Fume,5350000,1190140000,662
82,음악/댄스/가수,BT21,5330000,480240000,363
83,키즈/어린이,베이비버스 -인기 동요・동화,5310000,3786450000,1638
84,음악/댄스/가수,Red Velvet,5300000,1287520000,282
86,뉴스/정치/사회,SBS NOW / SBS 공식 채널,5280000,5793040000,24165
85,TV/방송,채널 십오야,5280000,1416150000,800
87,키즈/어린이,콩순이 Kongsuni,5270000,4986280000,1445
88,BJ/인물/연예인,[Awesome Haeun]어썸하은,5190000,871750000,521
89,음악/댄스/가수,NCT 127,5180000,909250000,534
90,음악/댄스/가수,(G)I-DLE (여자)아이들 (Official YouTube Channel),5170000,2388440000,542
91,TV/방송,KBS Entertain,5130000,9059250000,116703
92,음악/댄스/가수,ASTRO 아스트로,5050000,608920000,646
93,TV/방송,MBCdrama,4940000,5766070000,59994
94,음식/요리/레시피,떵개떵,4890000,2981590000,4910
96,키즈/어린이,ToyMart TV,4860000,1993230000,687
95,키즈/어린이,뽀로로(Pororo),4860000,6853150000,4160
97,애완/반려동물,SBS TV동물농장x애니멀봐,4830000,4638100000,4164
98,키즈/어린이,CoCosToy 꼬꼬스토이,4770000,2983640000,686
99,음식/요리/레시피,Cooking tree 쿠킹트리,4760000,487580000,1450
100,미분류,매일맛나 delicious day,4740000,482360000,325
102,TV/방송,JTBC Drama,4730000,5238230000,27755
101,음식/요리/레시피,까니짱 [ G-NI : 蟹ちゃん],4730000,1395430000,763
103,게임,EA SPORTS FIFA,4570000,842240000,803
105,음악/댄스/가수,STUDIO CHOOM [스튜디오 춤],4470000,2433290000,1460
104,TV/방송,채널 NCT DAILY,4470000,849730000,467
106,취미/라이프,JaeYeol ASMR 재열,4420000,1343160000,1207
107,음식/요리/레시피,하루한끼 one meal a day,4390000,469180000,216
109,미분류,Walt Disney Studios,4360000,1893570000,1401
108,음악/댄스/가수,Raon,4360000,1126870000,388
110,키즈/어린이,슈슈토이 ShushuToysReview,4340000,1411480000,495
111,TV/방송,tvN D ENT,4330000,9296540000,25197
112,TV/방송,딩고 뮤직 / dingo music,4290000,1837870000,1940
114,키즈/어린이,유별나 youbyulna,4160000,379770000,259
113,음식/요리/레시피,[Dorothy]도로시,4160000,1042280000,945
117,미분류,행복지수 103%,4130000,36570000,9
115,음식/요리/레시피,ZOEY ASMR 조이,4130000,1087420000,839
116,BJ/인물/연예인,허팝Heopop,4110000,3801680000,2140
118,키즈/어린이,키즈팡TV,4060000,2447720000,2213
119,음악/댄스/가수,WINNER,4040000,1442710000,598
120,BJ/인물/연예인,ARTBEAT,4010000,1327490000,2518
121,미분류,Juventus,3970000,836610000,4008
123,뉴스/정치/사회,YTN,3890000,10772940000,671731
122,키즈/어린이,제이제이 튜브 [JJ Tube],3890000,2532160000,515
124,TV/방송,TV-People,3870000,4589650000,20226
125,TV/방송,KBS Drama,3860000,5248330000,129399
126,TV/방송,워크맨-Workman,3850000,991750000,224
127,키즈/어린이,Romiyu Vlog로미유 브이로그,3830000,78110000,68
128,음악/댄스/가수,Jessi,3820000,848680000,60
130,음식/요리/레시피,푸드킹덤 Food Kingdom,3810000,1768660000,1147
129,키즈/어린이,EVANS,3810000,20000,5
131,키즈/어린이,Lime Tube[라임튜브],3780000,2845030000,2196
132,애완/반려동물,크림히어로즈,3760000,1613490000,1110
133,TV/방송,tvN,3730000,6082150000,77936
135,키즈/어린이,English Singsing,3710000,832520000,1182
134,BJ/인물/연예인,waveya 2011,3710000,1394290000,789
137,회사/오피셜,Billboard,3700000,1407600000,8935
136,취미/라이프,drawholic,3700000,483030000,392
138,음악/댄스/가수,백현 Baekhyun,3680000,48810000,17
139,TV/방송,JTBC Voyage,3640000,5134740000,11686
140,키즈/어린이,Milana FamilyShow[EN],3620000,1066000000,112
141,키즈/어린이,헤이지니 Hey Jini,3600000,2666300000,1558
142,키즈/어린이,Boram y Juguetes,3550000,857420000,441
143,음식/요리/레시피,Chihun ASMR 치훈,3540000,776800000,727
144,음악/댄스/가수,imlisarhee,3530000,561000000,704
147,키즈/어린이,Like Nastya Collections,3520000,985330000,475
146,음악/댄스/가수,KARD,3520000,721290000,374
145,영화/만화/애니,장삐쭈,3520000,1771360000,484
148,미분류,NewJeans,3490000,1047500000,206
150,게임,소맥거핀,3430000,1314340000,298
149,TV/방송,옛드 : MBC 레전드 드라마,3430000,6300270000,44923
151,TV/방송,옐언니,3420000,2357770000,753
152,TV/방송,솔라시도 solarsido,3400000,246840000,354
153,키즈/어린이,EBS 키즈,3360000,4551770000,20864
154,뉴스/정치/사회,SBS 뉴스,3350000,6681300000,168826
155,키즈/어린이,Boys Playtime,3340000,1505370000,612
157,키즈/어린이,리월드RIWORLD,3300000,1357850000,213
156,키즈/어린이,럭키강이 LuckyKang i,3300000,1518200000,1558
158,음악/댄스/가수,JAY PARK,3290000,1080240000,180
159,BJ/인물/연예인,보겸TV,3270000,2724590000,8926
161,취미/라이프,사나고 Sanago,3260000,504440000,181
160,뉴스/정치/사회,MBCNEWS,3260000,10315200000,181391
162,음식/요리/레시피,유디티TV,3220000,690860000,1164
164,TV/방송,ATEEZ,3170000,529080000,901
163,TV/방송,EBSDocumentary (EBS 다큐),3160000,3031590000,34482
165,취미/라이프,odg,3150000,656910000,205
168,키즈/어린이,Bob ToysReview,3140000,1422120000,188
167,음악/댄스/가수,HyunA,3140000,589360000,83
166,키즈/어린이,Adventure Story 어드벤처 스토리,3140000,1824620000,3655
172,미분류,Bleacher Report,3130000,2171320000,9335
171,스포츠/운동,피지컬갤러리,3130000,812470000,862
170,키즈/어린이,MariAndToys,3130000,800000,70
169,BJ/인물/연예인,JOLLY,3130000,791110000,563
173,음악/댄스/가수,THEBLACKLABEL,3120000,881600000,140
175,뉴스/정치/사회,TVCHOSUN - TV조선,3060000,5199960000,83868
174,TV/방송,런닝맨 - 스브스 공식 채널,3060000,4760900000,55147
176,취미/라이프,Thankyou BUBU,3040000,586160000,134
177,음식/요리/레시피,FRAN,3030000,1113690000,1841
178,키즈/어린이,꼬마버스 타요,3000000,2314520000,2948
179,음식/요리/레시피,애정 Aejeong,2980000,577950000,611
180,뉴스/정치/사회,SBS Catch,2940000,3232130000,5487
181,음식/요리/레시피,지현꿍,2910000,296080000,149
184,음악/댄스/가수,GIRLS' GENERATION,2890000,399530000,129
183,취미/라이프,Pan K's The Pancake Artist,2890000,949140000,604
182,음악/댄스/가수,새송 Saesong,2890000,319450000,255
185,BJ/인물/연예인,International Couple[사샤와 제이],2870000,457330000,210
187,음식/요리/레시피,양수빈,2860000,530800000,402
186,영화/만화/애니,지무비 : G Movie,2860000,1213030000,483
188,스포츠/운동,김종국 GYM JONG KOOK,2850000,273560000,111
189,음악/댄스/가수,AKMU,2830000,950000000,164
190,음식/요리/레시피,흥삼이네 Heungsam's Family,2810000,1501960000,1679
191,뉴스/정치/사회,JTBC News,2780000,6434090000,164729
192,음식/요리/레시피,나도Nado,2770000,810510000,852
193,미분류,LE SSERAFIM,2760000,779200000,335
194,영화/만화/애니,총몇명,2730000,1194850000,440
195,영화/만화/애니,CheezeFilm,2710000,822530000,324
196,음식/요리/레시피,한세 HANSE,2700000,446510000,675
197,해외,The Wiggles,2670000,3615310000,798
198,교육/강의,슈카월드,2660000,682060000,1370
199,취미/라이프,ASMR PPOMO,2640000,792780000,590
200,BJ/인물/연예인,진용진,2630000,930860000,538
201,키즈/어린이,"토닥토닥 꼬모 - 애니메이션, 동요, 놀이",2600000,3195940000,1143
202,미분류,차린건 쥐뿔도 없지만,2590000,182800000,22
203,TV/방송,디글 :Diggle,2580000,5891480000,27721
204,키즈/어린이,보라미TV BoramiTV,2570000,900810000,625
205,BJ/인물/연예인,흔한남매,2550000,3025170000,1108
207,미분류,쿠킹하루 Cooking Haru :),2510000,308680000,175
206,미분류,IVE,2510000,900490000,328
208,미분류,숏박스,2500000,432630000,85
210,음악/댄스/가수,MONSTA X,2490000,476530000,505
209,패션/미용,미지우 MEJIWOO,2490000,49460000,65
212,영화/만화/애니,짤툰,2480000,2034760000,1271
211,TV/방송,스브스 예능맛집,2480000,2292770000,4488
213,음악/댄스/가수,THE K-POP,2470000,866360000,12571
214,음악/댄스/가수,OfficialGDRAGON,2460000,169820000,3
215,TV/방송,PLAYLIST ORIGINALS 플레이리스트 오리지널,2450000,1079000000,892
216,뉴스/정치/사회,채널A 캔버스,2420000,3313510000,40596
218,미분류,Kep1er,2410000,617510000,417
217,음악/댄스/가수,KQ ENTERTAINMENT,2410000,1066930000,634
219,미분류,식탁일기 table diary,2400000,321640000,181
221,음악/댄스/가수,SHINee,2390000,317890000,282
220,키즈/어린이,ToyFamily,2390000,450000,38
222,키즈/어린이,ToytubeTV 토이튜브TV,2360000,281420000,29
226,음악/댄스/가수,mirrorHD,2350000,1348130000,208
225,IT/기술/컴퓨터,ITSub잇섭,2350000,913090000,1045
223,음식/요리/레시피,[Nareum_TV] 나름TV,2350000,826180000,902
224,게임,도티 TV,2340000,2784720000,3453
228,음악/댄스/가수,A-YEON,2320000,304630000,64
227,음악/댄스/가수,SUPER JUNIOR,2320000,183660000,303
229,키즈/어린이,캐릭온 TV,2310000,2551280000,1030
236,미분류,1분요리 뚝딱이형,2300000,928480000,750
235,미분류,뽀송한 준_bosungjun,2300000,240530000,339
234,음악/댄스/가수,채널 NCT MUSIC,2300000,207340000,29
233,음악/댄스/가수,여자친구 GFRIEND OFFICIAL,2300000,630630000,515
232,게임,감스트GAMST,2300000,1790330000,4670
231,주식/경제/부동산,삼프로TV_경제의신과함께,2300000,975130000,11455
230,BJ/인물/연예인,VIVA DANCE STUDIO,2300000,466080000,3039
238,교육/강의,디바제시카DeevaJessica,2280000,1078240000,3404
237,키즈/어린이,MariAndFriends,2280000,1830640000,2117
242,음악/댄스/가수,GOT7,2270000,90900000,27
241,TV/방송,아는형님 Knowingbros,2270000,1499110000,3804
240,음악/댄스/가수,official IZ*ONE,2270000,776710000,270
239,음악/댄스/가수,United CUBE (CUBE Entertainment Official YouTube Channel),2270000,756370000,1602
247,미분류,ROOKIE MING 루키밍,2260000,1337570000,827
246,음악/댄스/가수,거리노래방,2260000,337680000,1097
245,음식/요리/레시피,JerryPop,2260000,847870000,413
244,패션/미용,RISABAE,2260000,309790000,461
243,BJ/인물/연예인,엔조이커플enjoycouple,2260000,999030000,717
250,뉴스/정치/사회,디글 클래식 :Diggle Classic,2250000,5708360000,30892
249,키즈/어린이,[wonderkids TV] 원더키즈 TV,2250000,1047130000,1056
248,키즈/어린이,또봇 Tobot,2250000,2910190000,2251
252,키즈/어린이,토이영어TV - ToyEnglishTV,2240000,1414420000,28
251,뉴스/정치/사회,KBS News,2240000,4560390000,247302
253,BJ/인물/연예인,해그린달 haegreendal,2210000,99340000,62
256,음식/요리/레시피,이 남자의 cook,2200000,481870000,758
255,TV/방송,보길 bogil,2200000,901580000,1133
254,영화/만화/애니,고몽,2200000,1235550000,726
259,음악/댄스/가수,헨리 Henry Lau,2190000,254980000,300
258,음악/댄스/가수,MLD ENTERTAINMENT,2190000,871020000,802
257,음식/요리/레시피,도남이먹방Donam,2190000,745690000,1073
260,음악/댄스/가수,채널 NCT DANCE,2180000,216280000,42
261,미분류,꿀주부 Honeyjubu,2170000,204180000,158
263,미분류,Stray Kids Japan Official YouTube,2160000,283330000,144
262,음악/댄스/가수,AOMGOFFICIAL,2160000,655540000,458
264,패션/미용,free지아,2150000,28740000,34
268,키즈/어린이,Lime Doodles,2140000,788560000,1234
267,음악/댄스/가수,4Minute 포미닛(Official YouTube Channel),2140000,1372940000,82
266,교육/강의,올리버쌤,2140000,770120000,827
265,BJ/인물/연예인,와썹맨-Wassup Man,2140000,332490000,193
271,게임,침착맨,2130000,1623500000,6487
270,음식/요리/레시피,꿀키honeykki,2130000,278380000,454
269,애완/반려동물,수리노을SuriNoel,2130000,823620000,1207
272,애완/반려동물,[THE SOY]루퐁이네,2120000,821550000,526
273,음악/댄스/가수,CL Official Channel,2090000,286200000,72
274,음식/요리/레시피,FoodieBoy 푸디보이,2080000,750800000,1613
275,TV/방송,dingo freestyle,2080000,1394680000,1280
277,뉴스/정치/사회,채널A 뉴스,2070000,3253860000,83655
276,게임,잠뜰 TV,2070000,3217150000,3500
280,애완/반려동물,밀키복이탄이MilkyBokiTan,2060000,742960000,568
279,음식/요리/레시피,밴쯔,2060000,1164110000,2590
278,취미/라이프,Imaginative Guy,2060000,694660000,139
281,TV/방송,MBN Entertainment,2050000,2189490000,64508
283,키즈/어린이,캐리TV 장난감친구들,2030000,2858090000,3147
282,BJ/인물/연예인,대생 Daesaeng,2030000,1688830000,1852
287,키즈/어린이,Zorip - Nursery Rhymes,2010000,643140000,25
286,스포츠/운동,Allblanc TV,2010000,242040000,542
285,음악/댄스/가수,THE BOYZ,2010000,600710000,744
284,영화/만화/애니,레이디버그TV,2010000,16270000,118
289,미분류,1theK Originals - 원더케이 오리지널,2000000,1228750000,2218
288,음악/댄스/가수,CHEN,2000000,38770000,16
290,음악/댄스/가수,EXID_OFFICIAL,1990000,733290000,341
295,키즈/어린이,WildBrain 한국어,1980000,797590000,2938
294,취미/라이프,피식대학Psick Univ,1980000,798690000,867
293,음악/댄스/가수,loonatheworld,1980000,831070000,1113
292,음악/댄스/가수,비몽,1980000,1079930000,5090
291,TV/방송,퇴경아 약먹자,1980000,362240000,699
297,뉴스/정치/사회,EBSCulture (EBS 교양),1970000,1457510000,45159
296,음악/댄스/가수,woolliment,1970000,915910000,938
301,키즈/어린이,핑키팝토이,1960000,915340000,1156
300,TV/방송,오킹TV,1960000,1013950000,1848
299,키즈/어린이,유라야놀자(Let's play YURA),1960000,2281560000,1766
298,키즈/어린이,대문밖장덕대,1960000,933150000,1640
303,미분류,Teen Vogue,1950000,694660000,1409
302,키즈/어린이,Dollightful,1950000,317930000,167
304,음악/댄스/가수,ARIRANG K-POP,1940000,862830000,32051
306,키즈/어린이,두두팝토이,1920000,1093860000,1406
315,음악/댄스/가수,SUGA - Topic,1920000,134700000,59
305,음악/댄스/가수,BTOB 비투비 (Official YouTube Channel),1920000,629210000,933
309,미분류,1분미만,1910000,584730000,313
308,TV/방송,문명특급 - MMTG,1910000,616500000,400
307,키즈/어린이,Toy Wizard [토이위자드],1910000,30860000,30
311,음악/댄스/가수,DAY6,1890000,523000000,416
310,스포츠/운동,SPOTV,1890000,1429790000,12359
316,미분류,Jung Kook - Topic,1880000,72000000,3
314,TV/방송,KBS 한국방송,1880000,1795650000,31895
313,키즈/어린이,뉴욕이네,1880000,876510000,887
312,교육/강의,jannahkorea 잔나코리아,1880000,272060000,577
321,키즈/어린이,Clay Adventure 클레이 모험,1870000,1086990000,1323
320,미분류,NMIXX,1870000,427370000,348
319,BJ/인물/연예인,[상윤쓰]Sangyoon,1870000,451010000,211
318,TV/방송,tvN D STUDIO,1870000,680980000,1273
317,음악/댄스/가수,셀프어쿠스틱selfacoustic,1870000,497960000,240
322,패션/미용,Wishtrend TV,1860000,181750000,1064
323,키즈/어린이,자이언트 펭TV,1840000,476240000,552
325,미분류,XG,1830000,391850000,210
324,IT/기술/컴퓨터,밝은 면 Bright Side Korea,1830000,567440000,4845
339,미분류,BABYMONSTER,1820000,209790000,38
328,미분류,사피엔스 스튜디오,1820000,557740000,4258
327,애완/반려동물,내셔널지오그래픽 - National Geographic Korea,1820000,858370000,3576
326,교육/강의,데이브 World of Dave,1820000,470640000,677
335,음악/댄스/가수,FNCEnt,1810000,426140000,1624
334,TV/방송,키에커,1810000,756920000,268
333,게임,혜안,1810000,942140000,1134
332,뉴스/정치/사회,진성호방송,1810000,3523250000,13537
331,음식/요리/레시피,입짧은햇님,1810000,829870000,2961
330,음식/요리/레시피,ASMR Suna 꿀꿀선아,1810000,470040000,466
329,키즈/어린이,꾹TV(Kkuk TV),1810000,1183870000,1705
336,패션/미용,효진조 Hyojin Cho,1800000,225660000,436
351,미분류,팀일루션 노성율 - TEAM1LLUSION,1790000,1890190000,595
338,미분류,엠뚜루마뚜루 : MBC 공식 종합 채널,1780000,3022710000,5118
340,키즈/어린이,티디키즈 (인기 동요・동화),1780000,1149030000,572
337,음악/댄스/가수,OfficialLEEHI,1780000,514820000,106
341,BJ/인물/연예인,보물섬,1760000,1498680000,587
345,음식/요리/레시피,ETTV 이티티비,1750000,840780000,1446
344,음악/댄스/가수,DJ SODA OFFICIAL,1750000,240420000,165
343,뉴스/정치/사회,세바시 강연 Sebasi Talk,1750000,422310000,2637
342,애완/반려동물,슈앤트리 SHU AND TREE,1750000,421230000,557
348,미분류,Christian Dior,1740000,583820000,1202
347,취미/라이프,낄낄상회,1740000,808520000,662
346,키즈/어린이,깨비키즈 [KEBIKIDS],1740000,1914570000,2135
350,교육/강의,스터디언,1730000,257940000,3481
353,게임,악동 김블루,1730000,1302920000,1267
349,TV/방송,콬TV,1730000,686630000,1209
355,키즈/어린이,seohyun toys [서현토이즈],1720000,154260000,85
354,TV/방송,INTHESOOP_TV,1720000,49780000,76
352,TV/방송,조재원,1720000,613780000,428
361,미분류,planD플랜디,1710000,227880000,188
360,음악/댄스/가수,시즌비시즌 Season B Season,1710000,297820000,134
359,주식/경제/부동산,신사임당,1710000,320550000,1560
358,TV/방송,KBS HUMAN: 뭉클티비,1710000,997910000,6381
357,TV/방송,한문철 TV,1710000,2297340000,20960
356,음악/댄스/가수,Daily Busking,1710000,716220000,1020
365,음악/댄스/가수,PENTAGON 펜타곤 (Official YouTube Channel),1700000,334460000,724
364,TV/방송,14F 일사에프,1700000,743570000,3641
363,키즈/어린이,지니키즈 Genikids (인기 동요・동화),1700000,1406880000,1232
362,음식/요리/레시피,HONG SOUND,1700000,527580000,1300
369,뉴스/정치/사회,KBS Drama Classic,1690000,1688560000,19318
368,게임,T1 Faker,1690000,361850000,1327
367,음악/댄스/가수,워너뮤직코리아 (Warner Music Korea),1690000,1127960000,3757
366,게임,우주하마,1690000,1163940000,2293
372,뉴스/정치/사회,MBN News,1680000,1855250000,144240
371,뉴스/정치/사회,SBS STORY,1680000,2120380000,83975
370,BJ/인물/연예인,더블비,1680000,1215810000,594
374,키즈/어린이,Super JoJo-인기동요,1670000,790190000,539
373,게임,양띵 유튜브,1670000,2088910000,9108
377,미분류,김작가 TV,1660000,435280000,2758
376,음악/댄스/가수,Dreamcatcher official,1660000,593820000,611
375,국내/해외/여행,빠니보틀 Pani Bottle,1660000,369530000,287
380,미분류,땅콩 Peanut,1650000,850120000,58
379,음악/댄스/가수,DOJIN도진이,1650000,98360000,66
378,TV/방송,MKTV 김미경TV,1650000,352840000,2033
382,패션/미용,이수현 Official,1640000,131950000,132
381,BJ/인물/연예인,웃소 Wootso,1640000,2005600000,951
383,음악/댄스/가수,버블디아,1630000,470720000,1336
385,뉴스/정치/사회,뉴스TVCHOSUN,1610000,1535070000,85682
384,음악/댄스/가수,NU'EST,1610000,273750000,687
386,뉴스/정치/사회,KBS 다큐,1600000,1048330000,40176
387,애완/반려동물,강형욱의 보듬TV,1600000,391080000,787
389,음악/댄스/가수,TAEYANG,1590000,215360000,40
388,교육/강의,Talk To Me In Korean,1590000,75320000,1691
393,미분류,너덜트,1580000,215910000,46
392,TV/방송,Beginagain 비긴어게인,1580000,832380000,1699
391,교육/강의,seemile Korean,1580000,110220000,1278
390,게임,김재원의 즐거운 세상,1580000,2111950000,2725
399,미분류,STAYC,1570000,776950000,463
398,교육/강의,조승연의 탐구생활,1570000,144420000,330
397,IT/기술/컴퓨터,약사가 들려주는 약 이야기,1570000,237550000,546
396,키즈/어린이,브라보키즈,1570000,1651760000,2734
395,음식/요리/레시피,승우아빠,1570000,654330000,940
394,영화/만화/애니,김시선,1570000,640010000,561
405,음악/댄스/가수,Lemoring,1550000,1097680000,567
404,교육/강의,사물궁이 잡학지식,1550000,291640000,391
403,게임,뜨뜨뜨뜨,1550000,850470000,1771
402,게임,대도서관TV (buzzbean11),1550000,1523180000,10425
401,음식/요리/레시피,파뿌리,1550000,1798730000,1682
400,BJ/인물/연예인,JAYKEEOUT,1550000,244780000,236
408,BJ/인물/연예인,혜리,1540000,100320000,97
407,회사/오피셜,미스&미스터트롯,1540000,1703170000,5881
406,키즈/어린이,Edu car toy school,1540000,808330000,1397
414,TV/방송,그것이 알고싶다,1530000,569730000,821
413,TV/방송,동네놈들,1530000,430260000,485
412,음식/요리/레시피,칩chip,1530000,242460000,39
411,음식/요리/레시피,슈기님,1530000,641270000,1432
410,키즈/어린이,헬로카봇 - hello carbot official,1530000,1482820000,1525
409,게임,태경 TV,1530000,2433590000,3118
415,게임,우왁굳의 게임방송,1520000,1623540000,7810
416,스포츠/운동,힙으뜸,1510000,483300000,451
419,키즈/어린이,리콩수콩RikongSukong,1500000,472540000,619
418,미분류,김소형채널H,1500000,338140000,1008
417,음악/댄스/가수,TJ KARAOKE TJ 노래방 공식 유튜브채널,1500000,2085920000,61344
423,키즈/어린이,키글TV - 키즈 앱・장난감,1490000,800240000,1991
422,BJ/인물/연예인,임영웅,1490000,1981030000,656
421,음악/댄스/가수,선미 SUNMI,1490000,525970000,286
420,음악/댄스/가수,ONEUS,1490000,375210000,665
425,음식/요리/레시피,최고다윽박,1480000,975750000,1945
424,TV/방송,Mera,1480000,1346990000,7917
429,음식/요리/레시피,히밥heebab,1470000,538310000,666
428,미분류,CHUNG HA_Official,1470000,514400000,335
427,음악/댄스/가수,Chuther츄더[문에스더],1470000,258040000,204
426,뉴스/정치/사회,오마이TV,1470000,1265050000,22725
433,키즈/어린이,리틀엔젤 인기동요 어린이노래 - Little Angel,1460000,753160000,378
432,미분류,곽튜브,1460000,306750000,287
431,패션/미용,ssin 씬님,1460000,451930000,789
430,뉴스/정치/사회,신의한수,1460000,1133130000,8785
440,미분류,김대석 셰프TV,1450000,283450000,724
439,TV/방송,오분순삭,1450000,2089780000,2664
438,영화/만화/애니,Netflix Korea 넷플릭스 코리아,1450000,562740000,2291
437,TV/방송,안구정화티비 Your Korean Friend Angoo,1450000,136730000,240
436,TV/방송,BLACKHAND,1450000,378540000,60
435,영화/만화/애니,리뷰엉이: Owl's Review,1450000,436600000,514
434,음악/댄스/가수,GENIE MUSIC,1450000,546190000,4793
443,미분류,스튜디오 와플 - STUDIO WAFFLE,1440000,418230000,282
442,TV/방송,디스커버리 서바이벌 - Discovery Survival,1440000,542990000,963
441,음식/요리/레시피,먹어볼래TryToEat,1440000,270550000,291
444,음악/댄스/가수,Apink (에이핑크),1430000,550150000,849
447,미분류,자취요리신 simple cooking,1420000,278300000,724
446,TV/방송,sNack!,1420000,1263080000,2355
445,스포츠/운동,슛포러브,1420000,925910000,1031
453,음식/요리/레시피,취미로 요리하는 남자 Yonam,1410000,154030000,104
452,BJ/인물/연예인,요리왕비룡 Korean Food Cooking,1410000,295390000,896
451,음악/댄스/가수,MOVE Dance Studio,1410000,313230000,3290
450,음식/요리/레시피,엠브로 MBRO,1410000,0,0
449,음식/요리/레시피,ARIKITCHEN (아리키친),1410000,397400000,632
448,BJ/인물/연예인,양팡 YangPang,1410000,1614930000,2826
457,BJ/인물/연예인,신세경 sjkuksee,1400000,58090000,41
456,TV/방송,우와한 비디오,1400000,1681200000,1816
455,BJ/인물/연예인,급식왕,1400000,1873480000,960
454,음악/댄스/가수,K-Tigers TV,1400000,219710000,518
463,미분류,고누리,1390000,688610000,794
462,TV/방송,it's Live,1390000,465970000,727
461,음악/댄스/가수,Rock Music,1390000,764500000,8988
460,음악/댄스/가수,2PM,1390000,447270000,489
459,TV/방송,놀면 뭐하니?,1390000,892490000,1233
458,애완/반려동물,크집사,1390000,362070000,649
464,뉴스/정치/사회,TBS 시민의방송,1380000,1588370000,39588
468,미분류,[AmiAmi]아미아미,1370000,419300000,474
467,미분류,주부나라,1370000,377950000,1212
466,음악/댄스/가수,BEAST 비스트 (Official YouTube Channel),1370000,622510000,118
465,패션/미용,kiu기우쌤,1370000,535990000,528
470,TV/방송,KBS CoolFM,1360000,730090000,12263
469,BJ/인물/연예인,NALU,1360000,105870000,177
472,미분류,Jimin - Topic,1350000,50140000,17
471,음악/댄스/가수,지켜츄 Chuu Can Do It,1350000,167910000,190
476,IT/기술/컴퓨터,의학채널 비온뒤,1340000,415110000,9043
475,음악/댄스/가수,Prepix Dance Studio,1340000,259280000,6643
474,음식/요리/레시피,산적TV 밥굽남,1340000,344260000,681
473,TV/방송,모비딕 Mobidic,1340000,508080000,1608
481,음악/댄스/가수,성시경 SUNG SI KYUNG,1330000,504880000,399
480,음악/댄스/가수,SEVENTEEN Japan official Youtube,1330000,274830000,122
479,TV/방송,달라스튜디오,1330000,349140000,255
478,BJ/인물/연예인,정선호,1330000,582190000,551
477,TV/방송,Solfa,1330000,233040000,49
483,미분류,호갱구조대,1320000,307470000,182
482,뉴스/정치/사회,빽능 - SBS 옛날 예능,1320000,1898770000,5971
486,미분류,핏블리 FITVELY,1310000,586260000,1334
485,BJ/인물/연예인,철구형 (CHULTUBE),1310000,1346920000,6989
484,뉴스/정치/사회,사람사는세상노무현재단,1310000,181740000,1070
492,미분류,엄마의손맛,1300000,363310000,825
491,음악/댄스/가수,AOA,1300000,761470000,198
490,TV/방송,스튜디오 잼스터,1300000,455960000,502
489,영화/만화/애니,Tooniverse-투니버스,1300000,910610000,4106
488,취미/라이프,Squash Clay 쪼물쪼물 클레이,1300000,267940000,493
487,게임,겜브링 GGAM BRING,1300000,1680750000,2661
497,미분류,퍼런안경_BLAS,1290000,336720000,151
496,영화/만화/애니,Puuung,1290000,67020000,391
495,TV/방송,DGG,1290000,420050000,490
494,BJ/인물/연예인,장지수,1290000,501610000,954
493,BJ/인물/연예인,임다TV,1290000,545230000,1703
504,미분류,7FATES: CHAKHO by HYBE,1280000,61180000,32
503,미분류,Girls On Top,1280000,295920000,21
502,미분류,제발돼라 PleaseBee,1280000,353190000,236
501,뉴스/정치/사회,조선일보,1280000,993120000,16496
500,키즈/어린이,뉴욕이랑 놀자 ♬,1280000,277680000,583
499,취미/라이프,휘트니 whitney bae,1280000,328730000,313
498,애완/반려동물,정브르,1280000,681650000,1928
510,BJ/인물/연예인,공부왕찐천재 홍진경,1270000,223560000,211
509,음식/요리/레시피,BenDeen,1270000,210990000,571
508,게임,Partition Zion,1270000,645290000,1071
507,영화/만화/애니,Hello Jadoo TV 안녕 자두야,1270000,386610000,830
506,게임,테스터훈 TesterHoon,1270000,1073690000,2987
505,TV/방송,딩고 스토리 / dingo story,1270000,344730000,408
518,키즈/어린이,토비아트 - TobiART,1260000,435250000,137
517,미분류,RMC Sport,1260000,652610000,29041
516,스포츠/운동,식빵언니 김연경 Bread Unnie,1260000,87020000,92
515,뉴스/정치/사회,SBS Radio 에라오,1260000,721460000,19215
514,음악/댄스/가수,RealVIXX,1260000,413720000,797
513,영화/만화/애니,달빛뮤즈,1260000,354960000,606
512,패션/미용,회사원A,1260000,469870000,697
511,취미/라이프,탱구TV,1260000,49200000,27
521,미분류,tripleS official,1250000,167970000,651
526,뉴스/정치/사회,연합뉴스TV,1250000,1709210000,458517
520,음식/요리/레시피,우리의식탁 W TABLE,1250000,106910000,487
519,BJ/인물/연예인,ondo온도,1250000,134550000,260
530,BJ/인물/연예인,헌터퐝,1240000,376730000,427
529,미분류,스토리,1240000,309180000,76
528,음악/댄스/가수,DaftTaengk,1240000,506770000,4756
527,음악/댄스/가수,MUPLY 뮤플리,1240000,420600000,802
525,교육/강의,법륜스님의 즉문즉설,1240000,812730000,1961
524,음식/요리/레시피,가르마[GARMA],1240000,424710000,1385
523,뉴스/정치/사회,비디오머그 - VIDEOMUG,1240000,2134230000,6677
522,취미/라이프,Kim Miso,1240000,108900000,467
531,BJ/인물/연예인,박막례 할머니 Korea_Grandma,1230000,470890000,531
541,주식/경제/부동산,미래에셋 스마트머니,1220000,145530000,2674
540,미분류,함께해요 맛나요리,1220000,378580000,911
539,회사/오피셜,SM C&C STUDIO,1220000,225800000,1461
538,영화/만화/애니,뭅뭅,1220000,422900000,3164
537,TV/방송,걍밍경,1220000,134270000,82
536,TV/방송,Coreaníssima 엘레나,1220000,93540000,250
535,키즈/어린이,브레드이발소,1220000,669730000,1095
534,게임,악어 유튜브,1220000,1590290000,7583
533,패션/미용,lamuqe,1220000,124140000,295
532,음악/댄스/가수,Official A.C.E,1220000,183280000,596
548,키즈/어린이,베베핀 Bebefinn - 키즈 인기 동요,1210000,325090000,224
547,국내/해외/여행,Rirang OnAir,1210000,186590000,245
546,뉴스/정치/사회,딴지방송국,1210000,317610000,838
545,음악/댄스/가수,SUPER SOUND Bugs!,1210000,819970000,3974
544,음식/요리/레시피,DICKHUNTER딕헌터🌶,1210000,349670000,457
543,애완/반려동물,haha ha,1210000,479430000,592
542,TV/방송,피키픽처스 Piki Pictures,1210000,525850000,1059
555,미분류,굿라이프,1200000,205250000,2086
554,음식/요리/레시피,수빙수tv sooBingsoo,1200000,457160000,411
553,음악/댄스/가수,MORE THAN YOUTH,1200000,330470000,910
552,TV/방송,eaJ,1200000,44070000,17
551,TV/방송,티캐스트 tcast,1200000,1262350000,8463
550,TV/방송,CJ ENM,1200000,1800460000,15115
549,취미/라이프,Bandung Oppa 반둥오빠,1200000,117210000,529
558,키즈/어린이,나나의인형놀이 Nana'sDollPlay,1190000,405830000,188
557,미분류,요리용디 Yori Yongd,1190000,1036050000,418
556,BJ/인물/연예인,수상한녀석들,1190000,264860000,172
564,미분류,키즐 kizzle,1180000,358400000,322
563,뉴스/정치/사회,KBS 교양,1180000,975790000,69698
562,BJ/인물/연예인,Lia Kim,1180000,69150000,60
561,BJ/인물/연예인,사나이 김기훈,1180000,813610000,895
560,취미/라이프,집꾸미기,1180000,158260000,377
559,영화/만화/애니,B Man 삐맨,1180000,673710000,702
570,미분류,지식한입,1170000,131840000,138
569,TV/방송,KBS 1라디오,1170000,652370000,19581
568,TV/방송,준우,1170000,531490000,408
567,음식/요리/레시피,스윗더미 . Sweet The MI,1170000,118930000,318
566,BJ/인물/연예인,Cheri Hyeri 체리 혜리,1170000,171490000,452
565,BJ/인물/연예인,강유미 yumi kang좋아서 하는 채널,1170000,499010000,462
582,미분류,Tennis TV,1160000,1214430000,6925
575,주식/경제/부동산,[삼성증권] Samsung POP,1160000,141720000,2370
574,뉴스/정치/사회,배승희 변호사,1160000,278340000,628
573,키즈/어린이,마시따 MASITTA,1160000,736990000,243
572,패션/미용,다또아Daddoa,1160000,94290000,190
571,미분류,빠더너스 BDNS,1160000,407020000,647
581,TV/방송,KBS 같이삽시다,1150000,678690000,6305
580,TV/방송,KBS동물티비 : 애니멀포유 animal4u,1150000,994340000,3214
579,음악/댄스/가수,KIM HYUN JOONG.official,1150000,177310000,509
578,뉴스/정치/사회,신인균의 국방TV,1150000,779040000,2664
577,취미/라이프,rappeler하쁠리,1150000,505720000,941
576,키즈/어린이,프리티에스더 PrettyEsther,1150000,641250000,744
591,키즈/어린이,Jelly Pong,1140000,147000000,6
590,미분류,BODA 보다,1140000,661800000,1196
589,음식/요리/레시피,야식이,1140000,455820000,1448
588,영화/만화/애니,PLAYY ANI 플레이애니,1140000,501020000,777
587,TV/방송,SK telecom,1140000,949340000,2369
586,BJ/인물/연예인,Godtuk 턱형,1140000,424200000,505
585,키즈/어린이,Minicar Story 미니카 스토리,1140000,684120000,1685
584,키즈/어린이,퍼플 토이박스(Purple Toy Box),1140000,703240000,1456
583,음식/요리/레시피,야식이,1140000,455820000,1448
601,키즈/어린이,Paint Jelly,1130000,944850000,210
600,키즈/어린이,Boing Boing Kids,1130000,325230000,7
599,미분류,양장금주부,1130000,291820000,799
598,음악/댄스/가수,강다니엘 KANGDANIEL,1130000,201970000,183
597,BJ/인물/연예인,크리스 [구 소련여자],1130000,190580000,151
596,TV/방송,옛능 : MBC 옛날 예능 다시보기,1130000,1953730000,3253
595,음악/댄스/가수,CLC 씨엘씨 (Official YouTube Channel),1130000,274820000,188
594,키즈/어린이,Toystar TV,1130000,506730000,99
593,패션/미용,LeoJ Makeup,1130000,244590000,345
592,음식/요리/레시피,애주가TV참PD,1130000,615830000,1327
608,미분류,신사장,1120000,1326790000,574
607,미분류,짧은대본 ShortPaper,1120000,485170000,313
606,BJ/인물/연예인,상해기SangHyuk,1120000,338460000,646
605,TV/방송,z a m,1120000,777590000,2905
604,게임,코너Korner,1120000,881260000,904
603,영화/만화/애니,드림텔러(DreamTeller),1120000,183830000,181
602,국내/해외/여행,코이티비KOITV,1120000,922950000,1751
609,음식/요리/레시피,핫도그,1110000,1093950000,1661
616,키즈/어린이,키글 토이 - 키즈 장난감,1100000,592940000,1200
615,해외,ZeeKay Junior,1100000,1044560000,1154
614,영화/만화/애니,DAZBEE official,1100000,470370000,171
613,영화/만화/애니,WatchcarTV,1100000,538270000,201
612,회사/오피셜,KB국민카드,1100000,218170000,590
611,취미/라이프,제이제이살롱드핏,1100000,279580000,661
610,TV/방송,이슈텔러 issueTeller,1100000,519770000,769
630,미분류,Bravo jamoasi,1090000,261470000,139
629,해외,Variety,1090000,501910000,5043
628,뉴스/정치/사회,Newstapa,1090000,345330000,4166
627,키즈/어린이,woojoo우주,1090000,361000000,85
626,게임,유키 YOUKI,1090000,269290000,1010
625,음악/댄스/가수,Official fromis_9,1090000,467660000,807
624,음악/댄스/가수,PLEDIS ENTERTAINMENT,1090000,287100000,260
623,음악/댄스/가수,CNBLUE (씨엔블루),1090000,254720000,214
622,TV/방송,Dingo K-Drama,1090000,212420000,411
634,영화/만화/애니,신비아파트 공식채널 - Shinbi House,1090000,750220000,1923
621,패션/미용,써니채널 Sunny's Channel,1090000,110220000,201
620,뉴스/정치/사회,엠빅뉴스,1090000,2549500000,5547
619,게임,재넌Jaenune,1090000,681550000,1141
618,게임,기리TV,1090000,1281460000,2766
617,취미/라이프,효기심,1090000,131590000,153
641,키즈/어린이,해피팸(Happy family),1080000,47740000,121
640,미분류,KCON official,1080000,280980000,4201
639,미분류,하음쿠킹 Haeum Cooking,1080000,179870000,75
638,미분류,할명수,1080000,203750000,247
637,해외,TNT,1080000,694620000,4796
636,키즈/어린이,주니토니 동요동화 - 키즈캐슬,1080000,955610000,925
635,TV/방송,유병재,1080000,246980000,214
633,IT/기술/컴퓨터,오빠두엑셀 l 엑셀 강의 대표채널,1080000,75600000,533
632,게임,돼지저금통,1080000,1808910000,4429
631,음악/댄스/가수,UPVOTE Entertainment,1080000,271160000,1382
642,키즈/어린이,토깽이네,1070000,1301360000,1792
651,미분류,집밥 korean home cooking,1060000,443770000,1364
650,미분류,웅이woongei,1060000,413000000,591
649,미분류,이리오너라,1060000,125100000,1916
648,음식/요리/레시피,입질의추억TV jiminTV,1060000,434590000,589
647,BJ/인물/연예인,유준호,1060000,524270000,1395
646,키즈/어린이,마이린 TV,1060000,847270000,2621
645,BJ/인물/연예인,긱블 Geekble,1060000,397280000,510
644,키즈/어린이,뚜아뚜지TV,1060000,715860000,1769
643,뉴스/정치/사회,[팟빵] 매불쇼,1060000,485350000,1420
660,미분류,정선근 TV,1050000,50850000,138
659,미분류,알간지Alganzi,1050000,177750000,439
658,미분류,토모토모TomoTomo,1050000,219850000,194
657,미분류,주둥이방송,1050000,528080000,1759
656,패션/미용,안다 ANDA,1050000,108040000,243
655,음악/댄스/가수,MUSIC&NEW 뮤직앤뉴,1050000,1211190000,9160
654,TV/방송,fantagio 판타지오,1050000,328850000,285
653,TV/방송,V LIVE,1050000,637200000,2821
652,뉴스/정치/사회,한국경제TV,1050000,271780000,31553
668,미분류,Louis Vuitton,1040000,482010000,485
667,게임,괴물쥐 유튜브,1040000,1021720000,1334
666,미분류,꽉잡아윤기-Kwakyoongy,1040000,262990000,693
665,뉴스/정치/사회,MBC 라디오 시사,1040000,660250000,13864
664,영화/만화/애니,DinoCore TUBA,1040000,746530000,861
663,음악/댄스/가수,라이징 보이스 | RISING VOICE,1040000,537390000,4255
662,게임,쁘허,1040000,441180000,1261
661,게임,릴카,1040000,453010000,1053
675,미분류,랄로,1030000,522290000,438
674,음식/요리/레시피,고기남자 MeatMan,1030000,179490000,109
673,TV/방송,뻑가 PPKKa,1030000,902680000,992
672,TV/방송,sankokesl,1030000,9450000,116
671,키즈/어린이,Action Story 액션 스토리,1030000,498490000,1684
670,게임,잉여맨 유튜브,1030000,1087750000,2704
669,TV/방송,딩고 스튜디오 / dingo studio,1030000,392800000,847
686,키즈/어린이,Bus Car Story 버스카 스토리,1020000,493500000,390
685,미분류,Family Kim 패밀리김,1020000,188000000,287
684,BJ/인물/연예인,하하 PD HAHA PD,1020000,107950000,245
683,미분류,연스커플 Yeon's Couple,1020000,241840000,356
682,음악/댄스/가수,OH MY GIRL,1020000,605230000,424
681,음악/댄스/가수,MBC every1,1020000,1314980000,19315
680,뉴스/정치/사회,서울의소리 Voice of Seoul,1020000,837120000,16109
679,주식/경제/부동산,부읽남TV_내집마련부터건물주까지,1020000,162440000,1265
678,음식/요리/레시피,맛있는 녀석들 (Tasty Guys),1020000,1340330000,4491
677,BJ/인물/연예인,Sibong 시봉,1020000,64670000,830
676,게임,램램TV,1020000,959960000,2748
694,키즈/어린이,Toy box,1010000,192610000,391
693,미분류,유우키의 일본이야기 YUUKI,1010000,281690000,270
692,미분류,채꾸똥꾸 (Cherry & Dong),1010000,372720000,336
691,키즈/어린이,POYO Music Official,1010000,828820000,1693
690,자동차,우파푸른하늘Woopa TV,1010000,615840000,1790
689,게임,텔론,1010000,1140620000,4285
688,교육/강의,닥터프렌즈,1010000,246430000,838
687,애완/반려동물,소녀의행성 Girlsplanet,1010000,410100000,555
703,미분류,KPOP JAMM,1000000,362430000,1631
702,미분류,KBS 레전드 케이팝,1000000,859540000,15497
701,미분류,정찬성 Korean Zombie,1000000,289630000,280
700,자동차,김한용의 MOCAR,1000000,570150000,1963
699,교육/강의,공부의신 강성태,1000000,315410000,2841
698,BJ/인물/연예인,내가조우남,1000000,446980000,1225
697,스포츠/운동,말왕TV,1000000,388250000,989
696,패션/미용,디렉터 파이,1000000,161010000,367
695,BJ/인물/연예인,U.M.A.우마,1000000,264800000,146
705,키즈/어린이,Robot Trains official,990000,750500000,744
706,미분류,육식맨 YOOXICMAN,990000,228640000,196
704,뉴스/정치/사회,CBS 김현정의 뉴스쇼,990000,553660000,14117
709,미분류,이재성 박사의 식탁보감,990000,108570000,370
708,TV/방송,Kyunghamin твоя корейская онни,990000,121890000,421
707,음악/댄스/가수,빅마블,990000,9000000,21
710,게임,킴성태TV,990000,830890000,1997
712,TV/방송,바바요 by iHQ,990000,760040000,7336
711,TV/방송,밍꼬발랄Mingggo,990000,1464780000,851
713,TV/방송,뉴스엔·NewsenTV,990000,375820000,13804
718,미분류,김창옥TV,980000,156000000,402
722,미분류,싱글벙글,980000,631580000,209
717,미분류,[ASMR]nara_나라,980000,175150000,331
716,음악/댄스/가수,H1GHR MUSIC,980000,310140000,632
715,TV/방송,YG TREASURE BOX,980000,299350000,496
714,교육/강의,친절한 대학,980000,106010000,764
720,키즈/어린이,TOMONCAR,980000,546510000,434
719,음악/댄스/가수,SF9,980000,110260000,492
721,미분류,[윤이련]50년 요리비결,980000,311500000,500
723,BJ/인물/연예인,슛뚜sueddu,980000,55020000,245
724,음식/요리/레시피,삼대장 Samdaejang,980000,622730000,1415
726,키즈/어린이,판타스틱  패밀리,980000,178900000,72
725,키즈/어린이,JoyKids,980000,569930000,270
727,게임,T1,970000,323880000,2792
729,미분류,deemd 딤디,970000,120660000,203
728,TV/방송,덕출 : DCTVGO,970000,394770000,702
730,미분류,시니어전성시대,970000,189340000,432
731,음식/요리/레시피,얌무YAMMoo,970000,200180000,565
732,키즈/어린이,로보카폴리 TV,960000,629660000,1555
733,미분류,TVCHOSUN JOY,960000,696790000,3086
734,뉴스/정치/사회,MTN 머니투데이방송,960000,1238190000,69790
735,게임,범석TV,960000,716850000,1796
736,취미/라이프,츄팝,950000,468240000,477
738,취미/라이프,ColorMonsters Toy,950000,548380000,1040
737,게임,Charming Jo 조매력,950000,349660000,1509
739,BJ/인물/연예인,소근부부 S.K.Couple,950000,380880000,489
740,미분류,집나간아들 Runaway Son,950000,434240000,876
741,키즈/어린이,신나TV,950000,20190000,4
742,키즈/어린이,드래곤디🎵 | 키즈 율동 동요,950000,759540000,1153
743,패션/미용,Saerom Min개코의 오픈스튜디오,940000,151960000,241
744,게임,액션홍구,940000,650890000,3290
745,미분류,조여사전성시대,940000,248060000,703
747,게임,GCL 지씨엘,940000,311190000,391
746,음악/댄스/가수,ALiEN,940000,209080000,339
749,미분류,과학드림 [Science Dream],940000,190410000,143
748,게임,탁주 TV,940000,2293780000,2586
751,TV/방송,Zaty Farhani,940000,1185030000,2581
750,TV/방송,MAXIM KOREA,940000,258460000,1247
752,TV/방송,KBS Joy,930000,1855900000,15043
755,미분류,셜록현준,930000,77110000,128
753,미분류,너 진짜 똑똑하다,930000,69250000,154
754,미분류,1분만,930000,520030000,873
756,미분류,뜬뜬 DdeunDdeun,930000,75760000,77
759,미분류,메리니즈부엌Meliniskitchen,930000,176660000,226
758,음악/댄스/가수,PARK JIHOON Official,930000,64840000,275
757,TV/방송,배꼽빌라,930000,383150000,641
760,게임,Dorami,930000,240040000,1211
761,음악/댄스/가수,LJ Dance,920000,163230000,2758
763,미분류,VOGUE Taiwan,920000,310990000,7285
762,애완/반려동물,냥이아빠,920000,410410000,705
766,미분류,이영지,920000,128740000,42
765,TV/방송,이라이라경 ravely,920000,442410000,578
764,BJ/인물/연예인,성수커플 - S.S Couple,920000,0,0
768,미분류,밀라논나 Milanonna,920000,78940000,109
767,교육/강의,라이브 아카데미,920000,96200000,1082
769,음악/댄스/가수,장범준,920000,539050000,504
770,미분류,랄랄ralral,920000,296930000,622
771,키즈/어린이,요올리Yoli,910000,392060000,505
772,영화/만화/애니,구불,910000,316340000,312
773,미분류,꼰대희,910000,303820000,312
774,음식/요리/레시피,허미노MINO,910000,387210000,2022
776,국내/해외/여행,EBS 컬렉션 - 라이프스타일,910000,600560000,3579
775,BJ/인물/연예인,띠미 ddimmi,910000,460260000,940
778,교육/강의,법륜스님의 희망세상만들기,910000,457350000,925
777,게임,김왼팔,910000,698520000,2741
780,미분류,지식해적단,900000,108760000,156
779,음식/요리/레시피,소프,900000,362510000,1573
781,키즈/어린이,베이비버스 장난감 친구들!,900000,337410000,355
783,뉴스/정치/사회,채널A 뉴스TOP10,900000,823930000,20829
784,미분류,달리 [SBS 교양 공식채널],900000,390400000,610
782,애완/반려동물,다흑,900000,635500000,2817
785,음악/댄스/가수,wondergirls,900000,505710000,217
786,음식/요리/레시피,the BOB studio | 더 밥 스튜디오,900000,202910000,1074
788,미분류,미션 파서블,900000,158450000,205
789,미분류,샾잉 #ing,900000,2646770000,18194
787,TV/방송,TongTongCulture,900000,652890000,12552
790,미분류,CBS Sports Golazo,900000,654270000,3573
791,미분류,건나물TV,890000,387960000,702
794,TV/방송,히스토리,890000,653450000,2421
793,국내/해외/여행,Sophie Kim _하은,890000,29420000,120
792,키즈/어린이,메카드 - MECARD OFFICIAL,890000,760480000,1513
802,미분류,차미툰,890000,400470000,629
796,미분류,leeminho film,890000,15950000,21
795,영화/만화/애니,STUDIO LICO,890000,144860000,270
797,음악/댄스/가수,missA,890000,419280000,49
798,미분류,무니키친MoonyKitchen,890000,116170000,403
799,영화/만화/애니,토킹톰앤프렌즈,890000,346970000,320
803,미분류,오늘의 주우재,890000,127340000,312
801,키즈/어린이,호기! 핑크퐁 - 놀면서 배워요,890000,525640000,1000
800,취미/라이프,Dana ASMR,890000,314140000,255
806,영화/만화/애니,어퍼컷Tube,890000,215140000,239
805,영화/만화/애니,람다람 RAMDARAM,880000,123250000,129
804,음악/댄스/가수,PianiCast - 피아니캐스트,880000,276500000,111
808,키즈/어린이,Boram Tube Friends,880000,7360000,73
807,TV/방송,하나키키 Hanakiki,880000,359230000,865
810,음악/댄스/가수,Healing Meditation,880000,117790000,381
809,키즈/어린이,고고다이노,880000,704280000,1012
812,BJ/인물/연예인,남순 NS,880000,964320000,3654
811,취미/라이프,Soy ASMR,880000,193520000,584
814,미분류,과나gwana,870000,217930000,158
813,TV/방송,Megan Moon,870000,147320000,552
815,키즈/어린이,롤롤라임[lollolraim],870000,115660000,202
818,미분류,815머니톡,870000,337060000,5841
817,음악/댄스/가수,HYOLYN 효린,870000,266980000,229
816,IT/기술/컴퓨터,1분과학,870000,87700000,71
819,게임,군림보,870000,734650000,5363
820,뉴스/정치/사회,스브스뉴스 SUBUSUNEWS,860000,1136590000,3499
821,TV/방송,KBS Entertain: 깔깔티비,860000,1449110000,6727
822,미분류,TAEYONG,860000,11600000,17
824,미분류,CU [씨유튜브],860000,218260000,560
823,BJ/인물/연예인,(MUTUBE)와꾸대장봉준,860000,928520000,7771
826,게임,머독방송,860000,958060000,11796
825,음식/요리/레시피,서담 seodam,860000,187460000,409
827,TV/방송,타임스낵,860000,305890000,296
832,교육/강의,미미미누,860000,368400000,771
830,음악/댄스/가수,HOLLAND,860000,32210000,38
829,뉴스/정치/사회,전옥현 안보정론TV,860000,224780000,2450
828,패션/미용,윤쨔미 YoonCharmi,860000,243310000,360
831,영화/만화/애니,빨강도깨비,850000,358800000,351
833,게임,울산큰고래 박성주,850000,730700000,3604
836,미분류,복지마블TV [Welfare Marble],850000,121000000,563
835,TV/방송,별놈들,850000,427510000,729
834,취미/라이프,이연LEEYEON,850000,71990000,274
838,미분류,직업의모든것,850000,374530000,387
837,미분류,랭킹스쿨 Ranking School,850000,579730000,1000
839,미분류,BRUSH,850000,394230000,432
840,취미/라이프,희철리즘Heechulism,850000,215180000,332
841,TV/방송,김달,850000,351810000,840
842,뉴스/정치/사회,고성국TV,850000,197700000,2576
855,미분류,노빠꾸탁재훈,840000,88540000,63
844,TV/방송,라이프타임,840000,353780000,2009
843,음악/댄스/가수,HEADLINER,840000,219950000,204
846,미분류,BIBI,840000,272910000,53
845,BJ/인물/연예인,풍자테레비,840000,337980000,1354
847,취미/라이프,달려라치킨 Dalchi,840000,222560000,664
848,패션/미용,Jella젤라,840000,70420000,252
849,미분류,지피티,840000,297350000,985
853,미분류,썰레임 Ssuleim,830000,334940000,126
852,음악/댄스/가수,OFFICIAL EPIK HIGH,830000,392870000,259
851,뉴스/정치/사회,성제준,830000,376160000,1999
850,TV/방송,김이브님 [kim eve],830000,635520000,2836
856,미분류,Cookie Run: Kingdom,830000,101770000,268
854,미분류,ROKSEAL,830000,139950000,199
858,키즈/어린이,우가놀이 WOOGA play,830000,362860000,403
857,뉴스/정치/사회,팩트TV NEWS,830000,242330000,5724
859,음악/댄스/가수,TSENT2008,830000,394230000,445
860,패션/미용,UNA 유나,830000,73830000,184
863,키즈/어린이,LarvaKIDS TUBA,830000,602370000,528
862,음식/요리/레시피,뽐뽐뽐,830000,84770000,300
865,음악/댄스/가수,• m i n a m o c h i •,830000,360170000,102
864,미분류,임한올 Hanol Rim,830000,118640000,169
866,키즈/어린이,Enjoy Toys Shin,820000,365740000,245
867,음악/댄스/가수,VICTON 빅톤,820000,237180000,964
869,미분류,진정부부,820000,345900000,319
868,미분류,에버랜드 - EVERLAND,820000,292320000,2457
861,게임,연다,820000,636800000,2368
873,미분류,집나간햄지 Wandering Hamzy,820000,62120000,119
870,뉴스/정치/사회,여수MBC Music+(Kpop&Trot),820000,515170000,15783
871,게임,테드TV,820000,839840000,2701
872,뉴스/정치/사회,가로세로연구소,820000,21720000,357
874,TV/방송,smile -wA-,820000,514320000,5417
876,키즈/어린이,PinkFongFongToys [핑크퐁퐁토이즈],820000,16300000,26
875,키즈/어린이,ToyCheff,820000,402100000,467
877,BJ/인물/연예인,SUNBA선바,820000,1245490000,2751
878,게임,마재TV,810000,565310000,3541
881,미분류,빵먹다살찐떡,810000,923310000,576
880,교육/강의,동심파괴,810000,336990000,604
879,애완/반려동물,속삭이는몽자,810000,230960000,543
882,취미/라이프,Mimine Miniature 미미네 미니어처,810000,168360000,169
883,미분류,Jin & Juice,810000,188960000,294
885,뉴스/정치/사회,이봉규TV,810000,502690000,7070
884,음악/댄스/가수,Jenny Yun,810000,127520000,573
889,키즈/어린이,버섯도리,810000,1079590000,897
888,게임,LCK,810000,979280000,6804
886,TV/방송,트래블튜브,810000,672820000,1385
887,TV/방송,스튜디오 룰루랄라 디랩 - SLLDLAB,810000,332520000,1306
890,미분류,천재견 사월이sawol,800000,213850000,196
891,패션/미용,areumsongee아름송이,800000,75440000,243
893,TV/방송,찬우살이,800000,33310000,195
892,음식/요리/레시피,영자씨의 부엌Young-Ja's Kitchen,800000,239200000,1453
895,미분류,교양만두,800000,241320000,223
894,미분류,TOP MEDIA,800000,226250000,546
896,미분류,PREMIUM DANCE STUDIO,800000,237060000,1979
897,미분류,ZICO,800000,392800000,135
899,미분류,DAWN,800000,66010000,44
903,TV/방송,디스패치 / Dispatch,800000,168820000,8740
898,음악/댄스/가수,DKDKTV,800000,206030000,1405
900,미분류,유 퀴즈 온 더 튜브,790000,468130000,4146
901,미분류,쿡피아 Cookpia,790000,141030000,245
902,게임,김성회의 G식백과,790000,220170000,384
907,미분류,TNX,790000,64390000,275
906,미분류,코믹마트,790000,491800000,738
905,미분류,청정구역,790000,391260000,922
904,게임,밍모,790000,597250000,2398
908,BJ/인물/연예인,쿠쿠크루 - Cuckoo Crew,790000,545360000,876
909,뉴스/정치/사회,펜앤드마이크TV,790000,600500000,13403
910,뉴스/정치/사회,연합뉴스 Yonhapnews,790000,2143120000,35623
912,미분류,깨방정,790000,336140000,452
911,패션/미용,Heejoo 희주,790000,21580000,113
914,키즈/어린이,Ace Art 에이스 아트,790000,401380000,857
913,게임,수탉,790000,463660000,1623
917,미분류,조나단,780000,127320000,183
916,음악/댄스/가수,CL,780000,64720000,5
915,취미/라이프,공구왕황부장,780000,221830000,605
919,키즈/어린이,로봇알포 ARPO The Robot,780000,301300000,560
918,TV/방송,핫소스,780000,46290000,24
920,미분류,프응TV,780000,236000000,256
922,미분류,TVING,780000,1179500000,6360
921,음악/댄스/가수,BRANDNEW MUSIC,780000,399220000,1447
923,미분류,sissel,780000,30100000,227
926,미분류,논리왕 전기,780000,107550000,88
925,TV/방송,tweety 트위티,780000,142100000,256
924,영화/만화/애니,Sechi,780000,286900000,366
927,음식/요리/레시피,키미 Kimi,770000,54310000,75
929,미분류,VIVINOS,770000,102140000,48
928,TV/방송,LDF TV by lottedutyfree,770000,639080000,1469
934,미분류,나몰라패밀리 핫쇼,770000,283390000,497
930,뉴스/정치/사회,[공식] 새날,770000,634630000,8038
933,TV/방송,하루 1분,770000,27070000,283
932,영화/만화/애니,UTZI웃지,770000,6500000,13
931,주식/경제/부동산,E트렌드,770000,147760000,2955
936,뉴스/정치/사회,이재명,770000,160600000,2105
935,애완/반려동물,솜이네 곰이탱이여우,770000,498010000,1688
937,스포츠/운동,JK 아트사커 온라인,770000,528020000,647
939,키즈/어린이,리틀조이 LittleJoy,770000,220880000,167
938,IT/기술/컴퓨터,안될과학 Unrealscience,770000,105100000,656
942,키즈/어린이,조이퐁 JOYPONG,760000,294820000,581
941,미분류,123 GO! Korean,760000,298590000,465
940,TV/방송,코미꼬,760000,277940000,617
943,TV/방송,KBS역사저널 그날,760000,315350000,3175
945,음악/댄스/가수,MBC WORLD,760000,597720000,4756
944,미분류,춤추는곰돌,760000,541590000,3137
947,미분류,놀면서 배우는 심리학,760000,93530000,369
946,미분류,옆집언니 최실장 stylist unnie,760000,130010000,611
948,주식/경제/부동산,전인구경제연구소,760000,97240000,916
949,취미/라이프,Ouvir 오비르,750000,155370000,221
950,교육/강의,입시덕후,750000,520990000,660
951,TV/방송,제이제이,750000,254710000,679
952,미분류,Yummy Waffle 야미와플,750000,878190000,396
953,음악/댄스/가수,HyunA 현아 (Official YouTube Channel),750000,112890000,10
955,뉴스/정치/사회,MBC PD수첩,750000,330540000,2393
954,BJ/인물/연예인,StimBoy스팀보이,750000,352580000,614
956,TV/방송,STUDIO DIA 스튜디오 다이아,750000,211340000,537
957,키즈/어린이,Troom Troom Kr,750000,497780000,2442
959,미분류,어썸 코리아 Awesome KOREA,740000,550780000,1149
958,패션/미용,한별Hanbyul,740000,147070000,327
964,미분류,하알라,740000,245400000,335
963,TV/방송,매미킴 TV,740000,298970000,438
962,음식/요리/레시피,인아짱 Inah Eats,740000,182240000,1163
961,게임,두치와뿌꾸,740000,1453520000,13882
960,뉴스/정치/사회,뉴스데일리베스트,740000,229860000,2681
965,키즈/어린이,뽀로로 타요 장난감 놀이교실,740000,511180000,946
968,TV/방송,MBC 미스터리 : 심야괴담회 X 서프라이즈,740000,397550000,2687
967,패션/미용,아옳이,740000,91280000,128
966,교육/강의,BLACK DOOR,740000,120070000,616
972,미분류,빅페이스 BIGFACE,740000,166340000,132
971,음악/댄스/가수,임창정,740000,310860000,432
970,키즈/어린이,애니한TV AnnieHanTV,740000,830120000,1718
969,TV/방송,POWER MOVIE,740000,259890000,222
974,미분류,드립팩토리 [Dlib Factory],740000,355200000,394
973,취미/라이프,김나영의 nofilterTV,740000,183690000,459
976,키즈/어린이,JOYJOY KIDS[조이조이키즈],740000,190350000,117
975,미분류,바라던 바다,740000,378230000,519
979,미분류,JUNTV,740000,63450000,301
978,미분류,[에일리 OFFICIAL] aileemusic,740000,179410000,194
977,미분류,지기TV,740000,1820000,7
981,키즈/어린이,프랭키 키즈 TV LET'S PLAY FRANKY !,740000,366560000,292
980,주식/경제/부동산,단희TV,740000,103800000,1423
982,미분류,버미쌤,730000,189410000,321
984,교육/강의,Conversational Korean,730000,32560000,409
983,취미/라이프,DanoTV,730000,158300000,641
986,미분류,Everton Football Club,730000,234550000,3159
985,음악/댄스/가수,Yuni Marimba 유니 마림바,730000,105050000,147
987,키즈/어린이,코코몽 COCOMONG TV - Cartoon & Song For Kids,730000,949280000,1420
988,미분류,음뫄 핫소스,730000,280020000,233
990,미분류,정라레_Lifestyle Doctor,730000,128380000,492
989,TV/방송,KBS여행 걸어서 세계속으로,730000,273250000,10938
995,뉴스/정치/사회,국방TV,730000,764870000,12697
994,미분류,밉지않은 관종언니,730000,190380000,291
993,미분류,성창경TV,730000,1016850000,16079
992,TV/방송,목포MBC 가요센터,730000,288660000,6340
996,뉴스/정치/사회,YTN 돌았저 - 돌발영상,730000,482480000,4656
991,회사/오피셜,LG Uplus,730000,1379980000,2473
998,BJ/인물/연예인,케이,730000,572670000,3304
1001,미분류,백크 Baekk,720000,457320000,1106
999,음악/댄스/가수,Crush,720000,395460000,131
997,BJ/인물/연예인,bobaepapa - 보배아빠,720000,348440000,393
