순위,카테고리,채널,구독자수,조회수,비디오
1,음악/댄스/가수,BLACKPINK,88200000,31040760000,515
2,음악/댄스/가수,BANGTANTV,74700000,20302660000,2197
3,음악/댄스/가수,HYBE LABELS,70600000,27732950000,1188
4,음악/댄스/가수,SMTOWN,31700000,26955980000,4122
5,음악/댄스/가수,JYP Entertainment,26900000,19413170000,1680
6,키즈/어린이,Boram Tube Vlog [보람튜브 브이로그],26500000,11052880000,223
7,음악/댄스/가수,1MILLION Dance Studio,26000000,7803390000,5400
8,음악/댄스/가수,1theK (원더케이),24500000,23716320000,18190
9,미분류,Alan Becker,22000000,5119220000,153
10,음악/댄스/가수,Mnet K-POP,20500000,14746890000,32243
11,TV/방송,KBS WORLD TV,18900000,14921360000,63188
12,음악/댄스/가수,officialpsy,18000000,10568000000,128
14,음식/요리/레시피,Jane ASMR 제인,17600000,7271560000,2122
13,음악/댄스/가수,JFlaMusic,17600000,3787340000,317
15,음악/댄스/가수,TWICE,15800000,4870460000,1092
16,음악/댄스/가수,BIGBANG,15000000,7759040000,776
17,음식/요리/레시피,Hongyu ASMR 홍유,14900000,4983890000,633
18,키즈/어린이,Boram Tube ToysReview [보람튜브 토이리뷰],14600000,5006840000,608
19,키즈/어린이,서은일상이야기,14000000,2575280000,696
20,키즈/어린이,BIBO와 장난감,12900000,3168140000,184
21,음악/댄스/가수,Stray Kids,12500000,3020190000,770
22,음식/요리/레시피,[햄지]Hamzy,11300000,3812610000,602
23,키즈/어린이,핑크퐁 (인기 동요・동화),11200000,7054980000,3079
24,키즈/어린이,DuDuPopTOY,11000000,5053560000,2524
25,키즈/어린이,토이몽 TV - ToyMong Tv,10900000,4455170000,1347
26,음악/댄스/가수,TOMORROW X TOGETHER OFFICIAL,10700000,1354370000,1495
28,미분류,GH'S,10600000,6551460000,401
27,음악/댄스/가수,Stone Music Entertainment,10600000,9427490000,10072
29,TV/방송,MBCkpop,10300000,8897660000,45946
30,키즈/어린이,Larva TUBA,10000000,4503830000,2112
31,음식/요리/레시피,쏘영 Ssoyoung,9800000,1503920000,793
32,음악/댄스/가수,SEVENTEEN,9410000,3998990000,1515
33,키즈/어린이,서은이야기[SeoeunStory],9390000,2563940000,1213
34,음악/댄스/가수,EXO,9280000,883900000,413
35,키즈/어린이,Boram Tube [宝蓝和朋友们],9200000,2482740000,487
36,음악/댄스/가수,Mnet TV,9060000,11557260000,22217
37,TV/방송,M2,9020000,7902900000,19080
38,뉴스/정치/사회,MBCentertainment,8950000,16859680000,97437
39,음식/요리/레시피,문복희 Eat with Boki,8910000,2457930000,708
40,해외,Serie A,8830000,3423710000,25561
41,음악/댄스/가수,iKON,8800000,2516750000,628
42,미분류,CRAZY GREAPA,8700000,7178760000,708
43,음악/댄스/가수,이지금 [IU Official],8520000,2069960000,171
44,음악/댄스/가수,ITZY,8210000,2080250000,1065
45,음식/요리/레시피,tzuyang쯔양,8150000,1874910000,525
46,TV/방송,KBS Kpop,7750000,7033470000,38620
47,음악/댄스/가수,ENHYPEN,7730000,1245130000,836
48,키즈/어린이,MariAndKids,7670000,2246060000,699
49,뉴스/정치/사회,JTBC Entertainment,7620000,11680020000,78404
50,음악/댄스/가수,YG ENTERTAINMENT,7470000,1927880000,410
51,음식/요리/레시피,야미보이 Yummyboy,7420000,3059920000,1049
53,미분류,승비니 Seungbini,7360000,5029490000,606
52,TV/방송,스브스케이팝 X INKIGAYO,7360000,5818690000,32561
54,키즈/어린이,SonicToy소닉토이,7290000,3145460000,170
55,음악/댄스/가수,Sungha Jung,7080000,1981450000,1381
56,키즈/어린이,미니특공대TV,7010000,3917760000,1449
57,음악/댄스/가수,MAMAMOO,6950000,2340090000,838
58,음악/댄스/가수,TREASURE (트레저),6940000,1968910000,723
59,음악/댄스/가수,ALL THE K-POP,6800000,4508380000,26714
60,TV/방송,SBS Entertainment,6760000,8709070000,226400
61,회사/오피셜,YouTube Originals,6740000,661960000,481
63,TV/방송,SBS Drama,6630000,7350890000,345667
62,키즈/어린이,[장난감티비]TOYTV,6630000,2984940000,1680
64,TV/방송,tvN drama,6620000,7634630000,51993
65,음식/요리/레시피,5 분 Tricks,6560000,2649530000,4481
66,키즈/어린이,With Kids Playground [위드키즈 놀이터],6400000,2315190000,500
67,회사/오피셜,Samsung,6380000,1586920000,1788
69,미분류,NLE CHOPPA,6270000,2279600000,369
68,음악/댄스/가수,GOT7,6270000,899400000,579
70,음악/댄스/가수,Rosesarerosie,6150000,77710000,10
71,음악/댄스/가수,NCT DREAM,5990000,1211840000,548
72,패션/미용,PONY Syndrome,5950000,340200000,237
73,음악/댄스/가수,starshipTV,5920000,3996810000,2125
74,음악/댄스/가수,NCT,5860000,855010000,592
75,키즈/어린이,미니팡TV,5850000,3779550000,926
76,음식/요리/레시피,백종원 PAIK JONG WON,5790000,901690000,524
77,키즈/어린이,PinkyPopTOY,5770000,761420000,158
79,음악/댄스/가수,2NE1,5600000,2256590000,321
78,BJ/인물/연예인,영국남자 Korean Englishman,5600000,1971120000,521
80,키즈/어린이,스위트티비 SweetTV,5590000,2862030000,436
81,미분류,MayTree,5560000,1213720000,223
82,키즈/어린이,TOY GUMA,5470000,1804610000,393
83,TV/방송,채널 십오야,5380000,1462120000,825
84,음식/요리/레시피,푸메Fume,5360000,1196320000,668
85,음악/댄스/가수,BT21,5340000,485630000,382
88,음악/댄스/가수,(G)I-DLE (여자)아이들 (Official YouTube Channel),5310000,2454470000,565
87,음악/댄스/가수,Red Velvet,5310000,1305240000,283
86,키즈/어린이,베이비버스 -인기 동요・동화,5310000,3798530000,1660
89,뉴스/정치/사회,SBS NOW / SBS 공식 채널,5290000,5838130000,24355
90,키즈/어린이,콩순이 Kongsuni,5270000,4998040000,1456
91,음악/댄스/가수,NCT 127,5200000,919830000,534
92,BJ/인물/연예인,[Awesome Haeun]어썸하은,5180000,872740000,521
94,TV/방송,KBS Entertain,5140000,9101730000,117294
93,음악/댄스/가수,ASTRO 아스트로,5140000,640560000,646
95,TV/방송,MBCdrama,4940000,5782430000,60185
96,키즈/어린이,뽀로로(Pororo),4910000,6884410000,4185
97,음식/요리/레시피,떵개떵,4890000,2991570000,4927
98,키즈/어린이,ToyMart TV,4860000,1994250000,697
99,애완/반려동물,SBS TV동물농장x애니멀봐,4840000,4656980000,4209
101,미분류,매일맛나 delicious day,4790000,489970000,329
100,키즈/어린이,CoCosToy 꼬꼬스토이,4790000,2998710000,687
102,음식/요리/레시피,Cooking tree 쿠킹트리,4770000,489670000,1457
104,TV/방송,JTBC Drama,4740000,5261890000,27922
103,음식/요리/레시피,까니짱 [ G-NI : 蟹ちゃん],4740000,1403310000,772
105,게임,EA SPORTS FIFA,4570000,842890000,804
106,음악/댄스/가수,STUDIO CHOOM [스튜디오 춤],4510000,2477500000,1492
107,TV/방송,채널 NCT DAILY,4470000,851540000,467
108,취미/라이프,JaeYeol ASMR 재열,4450000,1360520000,1216
109,음식/요리/레시피,하루한끼 one meal a day,4390000,470180000,217
110,미분류,Walt Disney Studios,4370000,1902670000,1417
111,음악/댄스/가수,Raon,4370000,1133700000,398
112,TV/방송,tvN D ENT,4350000,9355270000,25660
113,키즈/어린이,슈슈토이 ShushuToysReview,4340000,1413360000,495
114,TV/방송,딩고 뮤직 / dingo music,4310000,1860640000,1967
115,미분류,행복지수 103%,4290000,43870000,12
117,키즈/어린이,유니가치 YuniGachi,4160000,379900000,259
116,음식/요리/레시피,[Dorothy]도로시,4160000,1043310000,945
118,음식/요리/레시피,ZOEY ASMR 조이,4150000,1102370000,848
119,BJ/인물/연예인,허팝Heopop,4120000,3824920000,2154
120,키즈/어린이,키즈팡TV,4070000,2455470000,2217
121,음악/댄스/가수,WINNER,4050000,1451400000,611
122,BJ/인물/연예인,ARTBEAT,4030000,1354740000,2614
123,미분류,Juventus,4010000,853960000,4075
124,뉴스/정치/사회,YTN,3900000,10870370000,675504
125,키즈/어린이,제이제이 튜브 [JJ Tube],3890000,2539080000,515
126,TV/방송,TV-People,3880000,4627180000,20441
127,TV/방송,KBS Drama,3870000,5273190000,130009
128,TV/방송,워크맨-Workman,3850000,1003990000,236
131,키즈/어린이,Romiyu Vlog로미유 브이로그,3820000,78120000,68
130,음식/요리/레시피,푸드킹덤 Food Kingdom,3820000,1785560000,1154
129,음악/댄스/가수,Jessi,3820000,857610000,60
132,키즈/어린이,EVANS,3810000,20000,5
133,키즈/어린이,Lime Tube[라임튜브],3780000,2854360000,2213
134,애완/반려동물,크림히어로즈,3770000,1625080000,1101
136,키즈/어린이,English Singsing,3750000,840180000,1207
135,TV/방송,tvN,3750000,6136250000,79006
138,취미/라이프,drawholic,3710000,485940000,393
137,BJ/인물/연예인,waveya 2011,3710000,1396900000,790
139,회사/오피셜,Billboard,3700000,1414350000,9011
140,음악/댄스/가수,백현 Baekhyun,3690000,49220000,18
141,TV/방송,JTBC Voyage,3660000,5184330000,11866
143,키즈/어린이,Milana FamilyShow[EN],3620000,1069560000,112
142,키즈/어린이,헤이지니 Hey Jini,3620000,2696260000,1568
144,미분류,NewJeans,3600000,1113890000,218
145,게임,소맥거핀,3560000,1363640000,301
148,음식/요리/레시피,Chihun ASMR 치훈,3550000,784280000,733
147,키즈/어린이,Boram y Juguetes,3550000,858200000,444
146,영화/만화/애니,장삐쭈,3550000,1806390000,499
149,음악/댄스/가수,imlisarhee,3540000,564510000,708
150,키즈/어린이,Like Nastya Collections,3530000,996520000,487
151,음악/댄스/가수,KARD,3520000,724610000,374
152,TV/방송,옐언니,3490000,2421240000,772
153,TV/방송,옛드 : MBC 레전드 드라마,3450000,6334960000,45001
154,TV/방송,솔라시도 solarsido,3400000,247580000,357
155,뉴스/정치/사회,SBS 뉴스,3380000,6843630000,171157
156,키즈/어린이,EBS 키즈,3370000,4565400000,20989
157,키즈/어린이,Boys Playtime,3360000,1515320000,621
161,음악/댄스/가수,THEBLACKLABEL,3310000,949890000,145
160,키즈/어린이,리월드RIWORLD,3300000,1359110000,213
162,음악/댄스/가수,JAY PARK,3300000,1094510000,181
159,뉴스/정치/사회,MBCNEWS,3300000,10608280000,183755
158,키즈/어린이,럭키강이 LuckyKang i,3300000,1520900000,1570
163,취미/라이프,사나고 Sanago,3270000,513840000,181
164,BJ/인물/연예인,보겸TV,3260000,2726190000,8926
165,음식/요리/레시피,유디티TV,3220000,692700000,1165
166,BJ/인물/연예인,JOLLY,3200000,814750000,582
167,TV/방송,ATEEZ,3190000,538960000,916
168,취미/라이프,odg,3180000,680790000,218
170,미분류,Bleacher Report,3170000,2217950000,9490
169,TV/방송,EBSDocumentary (EBS 다큐),3170000,3068270000,34808
173,키즈/어린이,Bob ToysReview,3140000,1423400000,188
172,음악/댄스/가수,HyunA,3140000,593600000,83
171,키즈/어린이,Adventure Story 어드벤처 스토리,3140000,1869400000,3886
175,스포츠/운동,피지컬갤러리,3120000,816030000,873
174,키즈/어린이,MariAndToys,3120000,810000,70
176,TV/방송,런닝맨 - 스브스 공식 채널,3070000,4790560000,55193
177,뉴스/정치/사회,TVCHOSUN - TV조선,3060000,5220990000,84449
178,취미/라이프,Thankyou BUBU,3040000,588750000,134
179,음식/요리/레시피,FRAN,3030000,1114480000,1840
180,키즈/어린이,꼬마버스 타요,3010000,2331450000,2968
181,음식/요리/레시피,애정 Aejeong,3000000,584130000,622
182,미분류,LE SSERAFIM,2980000,912660000,401
183,뉴스/정치/사회,SBS Catch,2950000,3261910000,5570
184,음식/요리/레시피,지현꿍,2920000,297790000,150
188,음악/댄스/가수,GIRLS' GENERATION,2890000,408880000,129
187,취미/라이프,Pan K's The Pancake Artist,2890000,953050000,615
185,영화/만화/애니,지무비 : G Movie,2890000,1233190000,493
186,음악/댄스/가수,새송 Saesong,2880000,320100000,256
189,BJ/인물/연예인,International Couple[사샤와 제이],2870000,451190000,207
191,스포츠/운동,김종국 GYM JONG KOOK,2860000,279780000,116
190,음식/요리/레시피,양수빈,2860000,531400000,403
193,음악/댄스/가수,AKMU,2840000,960040000,164
192,음식/요리/레시피,흥삼이네 Heungsam's Family,2840000,1519530000,1696
194,미분류,차린건 쥐뿔도 없지만,2830000,215070000,26
195,뉴스/정치/사회,JTBC News,2800000,6552480000,166352
196,음식/요리/레시피,나도Nado,2770000,816080000,867
197,영화/만화/애니,총몇명,2750000,1211550000,445
198,영화/만화/애니,CheezeFilm,2740000,851760000,332
199,음식/요리/레시피,한세 HANSE,2700000,448260000,680
201,해외,The Wiggles,2680000,3657960000,804
200,교육/강의,슈카월드,2680000,697220000,1385
203,BJ/인물/연예인,진용진,2640000,935650000,540
202,취미/라이프,ASMR PPOMO,2640000,795020000,597
204,TV/방송,디글 :Diggle,2620000,5988120000,28691
206,미분류,IVE,2610000,1004110000,365
205,키즈/어린이,"토닥토닥 꼬모 - 애니메이션, 동요, 놀이",2610000,3203600000,1159
207,키즈/어린이,보라미TV BoramiTV,2580000,903370000,625
208,BJ/인물/연예인,흔한남매,2560000,3054650000,1121
209,미분류,쿠킹하루 Cooking Haru :),2550000,313470000,177
210,미분류,숏박스,2520000,449140000,88
211,음악/댄스/가수,MONSTA X,2500000,486490000,525
213,영화/만화/애니,짤툰,2490000,2059800000,1292
212,TV/방송,스브스 예능맛집,2490000,2312390000,4528
215,패션/미용,미지우 MEJIWOO,2480000,49560000,66
214,음악/댄스/가수,THE K-POP,2480000,853790000,12711
216,음악/댄스/가수,OfficialGDRAGON,2470000,175700000,3
217,TV/방송,PLAYLIST ORIGINALS 플레이리스트 오리지널,2450000,1080750000,892
219,음악/댄스/가수,KQ ENTERTAINMENT,2440000,1093650000,634
220,미분류,식탁일기 table diary,2430000,329380000,185
218,뉴스/정치/사회,채널A 캔버스,2430000,3340690000,41374
221,미분류,Kep1er,2420000,638370000,462
223,음악/댄스/가수,SHINee,2390000,324890000,294
222,키즈/어린이,ToyFamily,2390000,310000,35
224,키즈/어린이,ToytubeTV 토이튜브TV,2380000,288420000,33
225,음식/요리/레시피,[Nareum_TV] 나름TV,2360000,832500000,910
227,음악/댄스/가수,mirrorHD,2350000,1350620000,208
226,IT/기술/컴퓨터,ITSub잇섭,2350000,921080000,1052
230,미분류,Sony Music (Japan),2340000,2950510000,3764
229,미분류,ROOKIE MING 루키밍,2340000,1381310000,849
228,게임,도티 TV,2340000,2786620000,3453
234,미분류,1분요리 뚝딱이형,2320000,966220000,790
233,미분류,뽀송한 준_bosungjun,2320000,243290000,348
232,음악/댄스/가수,A-YEON,2320000,305840000,65
231,음악/댄스/가수,SUPER JUNIOR,2320000,187380000,308
236,게임,감스트GAMST,2310000,1810170000,4685
238,주식/경제/부동산,삼프로TV_경제의신과함께,2310000,991580000,11661
235,키즈/어린이,캐릭온 TV,2310000,2563270000,1041
240,음악/댄스/가수,채널 NCT MUSIC,2300000,208300000,29
239,음악/댄스/가수,여자친구 GFRIEND OFFICIAL,2300000,637640000,515
237,BJ/인물/연예인,VIVA DANCE STUDIO,2300000,472600000,3052
243,미분류,팀일루션 노성율 - TEAM1LLUSION,2290000,2362230000,615
242,교육/강의,디바제시카DeevaJessica,2290000,1087890000,3424
241,키즈/어린이,MariAndFriends,2290000,1841010000,2136
244,TV/방송,아는형님 Knowingbros,2280000,1532020000,3884
248,음악/댄스/가수,GOT7,2270000,91730000,27
247,음악/댄스/가수,official IZ*ONE,2270000,785290000,270
246,음악/댄스/가수,United CUBE (CUBE Entertainment Official YouTube Channel),2270000,757280000,1604
245,뉴스/정치/사회,KBS News,2270000,4695060000,249952
252,뉴스/정치/사회,디글 클래식 :Diggle Classic,2260000,5770670000,31574
251,음식/요리/레시피,JerryPop,2260000,849850000,413
250,패션/미용,RISABAE,2260000,310870000,467
249,BJ/인물/연예인,엔조이커플enjoycouple,2260000,1003990000,724
255,키즈/어린이,[wonderkids TV] 원더키즈 TV,2250000,1048140000,1063
254,키즈/어린이,또봇 Tobot,2250000,2915370000,2257
253,음악/댄스/가수,거리노래방,2250000,339620000,1101
256,키즈/어린이,토이영어TV - ToyEnglishTV,2240000,1418740000,28
257,음식/요리/레시피,이 남자의 cook,2230000,489510000,763
258,TV/방송,보길 bogil,2220000,910410000,1133
260,BJ/인물/연예인,해그린달 haegreendal,2210000,99500000,62
259,영화/만화/애니,고몽,2210000,1256920000,743
261,미분류,BABYMONSTER,2200000,267900000,40
264,음악/댄스/가수,헨리 Henry Lau,2190000,256790000,302
263,음악/댄스/가수,MLD ENTERTAINMENT,2190000,872710000,802
262,음식/요리/레시피,도남이먹방Donam,2190000,748030000,1082
266,미분류,꿀주부 Honeyjubu,2180000,207100000,159
265,음악/댄스/가수,채널 NCT DANCE,2180000,216780000,42
268,키즈/어린이,Lime Doodles,2170000,806430000,1274
267,미분류,Stray Kids Japan Official YouTube,2170000,290180000,144
270,패션/미용,free지아,2160000,29200000,34
269,음악/댄스/가수,AOMGOFFICIAL,2160000,662020000,462
271,게임,침착맨,2150000,1653340000,6508
273,음악/댄스/가수,4Minute 포미닛(Official YouTube Channel),2140000,1376970000,82
272,교육/강의,올리버쌤,2140000,775700000,831
276,음식/요리/레시피,꿀키honeykki,2130000,278920000,463
275,애완/반려동물,수리노을SuriNoel,2130000,825160000,1207
274,BJ/인물/연예인,와썹맨-Wassup Man,2130000,332870000,193
277,애완/반려동물,[THE SOY]루퐁이네,2120000,828650000,533
278,뉴스/정치/사회,채널A 뉴스,2100000,3301580000,84472
279,음악/댄스/가수,CL Official Channel,2090000,288030000,72
281,음식/요리/레시피,FoodieBoy 푸디보이,2080000,754350000,1640
280,TV/방송,dingo freestyle,2080000,1403560000,1290
285,키즈/어린이,Zorip - Nursery Rhymes,2070000,664100000,25
284,취미/라이프,피식대학Psick Univ,2070000,851620000,901
283,TV/방송,MBN Entertainment,2070000,2211460000,65633
282,게임,잠뜰 TV,2070000,3231030000,3531
287,애완/반려동물,밀키복이탄이MilkyBokiTan,2060000,747950000,573
286,취미/라이프,Imaginative Guy,2060000,698750000,140
288,음식/요리/레시피,밴쯔,2050000,1164380000,2590
289,BJ/인물/연예인,대생 Daesaeng,2040000,1700500000,1832
290,키즈/어린이,캐리TV 장난감친구들,2030000,2865220000,3170
292,스포츠/운동,Allblanc TV,2020000,243770000,553
291,음악/댄스/가수,THE BOYZ,2020000,606960000,761
294,TV/방송,오킹TV,2010000,1038180000,1869
293,영화/만화/애니,레이디버그TV,2010000,2080000,27
298,키즈/어린이,WildBrain 한국어,2000000,803940000,2896
297,음악/댄스/가수,SUGA - Topic,2000000,150630000,60
296,미분류,1theK Originals - 원더케이 오리지널,2000000,1243990000,2267
295,음악/댄스/가수,CHEN,2000000,38930000,16
300,음악/댄스/가수,비몽,1990000,1084890000,5129
299,음악/댄스/가수,EXID_OFFICIAL,1990000,735860000,341
303,뉴스/정치/사회,EBSCulture (EBS 교양),1980000,1473800000,45376
302,음악/댄스/가수,loonatheworld,1980000,833970000,1113
301,TV/방송,퇴경아 약먹자,1980000,362440000,700
304,음악/댄스/가수,woolliment,1970000,917910000,938
308,미분류,Teen Vogue,1960000,698350000,1424
307,키즈/어린이,핑키팝토이,1960000,918030000,1179
306,키즈/어린이,유라야놀자(Let's play YURA),1960000,2297140000,1775
305,키즈/어린이,대문밖장덕대,1960000,935620000,1644
310,음악/댄스/가수,ARIRANG K-POP,1950000,868560000,32291
309,키즈/어린이,Dollightful,1950000,318930000,167
311,음악/댄스/가수,BTOB 비투비 (Official YouTube Channel),1950000,668360000,997
312,미분류,1분미만,1940000,597360000,321
313,교육/강의,jannahkorea 잔나코리아,1930000,295560000,586
316,키즈/어린이,두두팝토이,1920000,1098580000,1431
315,미분류,NMIXX,1920000,454230000,372
314,TV/방송,문명특급 - MMTG,1920000,627230000,412
319,TV/방송,키에커,1910000,797600000,270
318,스포츠/운동,SPOTV,1910000,1491760000,12648
317,키즈/어린이,Toy Wizard [토이위자드],1910000,30870000,30
322,미분류,Jung Kook - Topic,1890000,74550000,3
321,TV/방송,KBS 한국방송,1890000,1806320000,32044
320,음악/댄스/가수,DAY6,1890000,535150000,417
324,BJ/인물/연예인,[상윤쓰]Sangyoon,1880000,455000000,213
323,키즈/어린이,뉴욕이네,1880000,876760000,890
328,미분류,XG,1870000,414580000,224
327,키즈/어린이,Clay Adventure 클레이 모험,1870000,1090850000,1344
326,TV/방송,tvN D STUDIO,1870000,682110000,1282
325,음악/댄스/가수,셀프어쿠스틱selfacoustic,1870000,500350000,245
330,게임,혜안,1860000,994590000,1155
329,패션/미용,Wishtrend TV,1860000,182200000,1079
331,키즈/어린이,자이언트 펭TV,1840000,481070000,573
333,애완/반려동물,내셔널지오그래픽 - National Geographic Korea,1830000,861540000,3584
332,IT/기술/컴퓨터,밝은 면 Bright Side Korea,1830000,569730000,4901
335,미분류,사피엔스 스튜디오,1820000,563690000,4327
334,교육/강의,데이브 World of Dave,1820000,470930000,678
342,미분류,엠뚜루마뚜루 : MBC 공식 종합 채널,1810000,3101070000,5324
341,음악/댄스/가수,FNCEnt,1810000,428510000,1627
340,뉴스/정치/사회,진성호방송,1810000,3541640000,13672
339,음식/요리/레시피,입짧은햇님,1810000,833890000,2978
338,패션/미용,효진조 Hyojin Cho,1810000,227780000,440
337,음식/요리/레시피,ASMR Suna 꿀꿀선아,1810000,472550000,487
336,키즈/어린이,꾹TV(Kkuk TV),1810000,1187010000,1715
344,키즈/어린이,티디키즈 (인기 동요・동화),1780000,1154220000,578
343,음악/댄스/가수,OfficialLEEHI,1780000,520390000,106
349,미분류,Christian Dior,1770000,611330000,1232
348,음식/요리/레시피,ETTV 이티티비,1760000,857610000,1473
347,음악/댄스/가수,DJ SODA OFFICIAL,1760000,242280000,165
346,뉴스/정치/사회,세바시 강연 Sebasi Talk,1760000,426830000,2651
345,BJ/인물/연예인,보물섬,1760000,1511630000,593
351,취미/라이프,낄낄상회,1750000,821650000,682
350,애완/반려동물,슈앤트리 SHU AND TREE,1750000,424150000,562
353,교육/강의,스터디언,1740000,263190000,3554
352,키즈/어린이,깨비키즈 [KEBIKIDS],1740000,1922970000,2147
354,TV/방송,조재원,1740000,634470000,444
357,미분류,planD플랜디,1730000,232340000,190
356,게임,악동 김블루,1730000,1319630000,1291
355,TV/방송,콬TV,1730000,690460000,1213
361,키즈/어린이,츈례쌤 CRS,1720000,60000,10
360,TV/방송,INTHESOOP_TV,1720000,50380000,76
359,TV/방송,14F 일사에프,1720000,754740000,3684
358,TV/방송,한문철 TV,1720000,2322660000,21176
366,TV/방송,KBS HUMAN: 뭉클티비,1710000,1006280000,6474
365,음악/댄스/가수,TAEYANG,1710000,249210000,61
364,음악/댄스/가수,PENTAGON 펜타곤 (Official YouTube Channel),1710000,338160000,734
363,국내/해외/여행,빠니보틀 Pani Bottle,1710000,379680000,289
362,음악/댄스/가수,Daily Busking,1710000,718100000,1021
372,음악/댄스/가수,시즌비시즌 Season B Season,1700000,299410000,134
371,주식/경제/부동산,신사임당,1700000,320970000,1564
370,뉴스/정치/사회,MBN News,1700000,1885220000,145862
369,음악/댄스/가수,워너뮤직코리아 (Warner Music Korea),1700000,1139450000,3801
368,키즈/어린이,지니키즈 Genikids (인기 동요・동화),1700000,1411070000,1238
367,음식/요리/레시피,HONG SOUND,1700000,532860000,1316
375,뉴스/정치/사회,KBS Drama Classic,1690000,1696330000,19490
374,게임,T1 Faker,1690000,364700000,1334
373,게임,우주하마,1690000,1179560000,2311
380,키즈/어린이,Super JoJo-인기동요,1680000,801270000,548
379,미분류,김작가 TV,1680000,448020000,2825
378,뉴스/정치/사회,SBS STORY,1680000,2131290000,84134
377,BJ/인물/연예인,더블비,1680000,1223910000,600
376,게임,양띵 유튜브,1680000,2096130000,9234
381,미분류,땅콩 Peanut,1670000,864250000,62
383,음악/댄스/가수,Dreamcatcher official,1660000,598810000,622
382,TV/방송,MKTV 김미경TV,1660000,357890000,2042
384,음악/댄스/가수,DOJIN도진이,1650000,98890000,66
386,패션/미용,이수현 Official,1640000,132540000,132
385,BJ/인물/연예인,웃소 Wootso,1640000,2029030000,964
387,애완/반려동물,강형욱의 보듬TV,1630000,414500000,800
390,뉴스/정치/사회,KBS 다큐,1620000,1063480000,40284
389,뉴스/정치/사회,뉴스TVCHOSUN,1620000,1560880000,86497
388,음악/댄스/가수,버블디아,1620000,472290000,1339
391,음악/댄스/가수,NU'EST,1610000,275160000,687
393,미분류,너덜트,1600000,223230000,47
392,교육/강의,Talk To Me In Korean,1600000,75700000,1696
397,TV/방송,Beginagain 비긴어게인,1590000,843600000,1724
396,IT/기술/컴퓨터,약사가 들려주는 약 이야기,1590000,242060000,549
395,영화/만화/애니,김시선,1590000,655180000,571
394,게임,김재원의 즐거운 세상,1590000,2124030000,2756
400,미분류,STAYC,1580000,796420000,477
399,교육/강의,조승연의 탐구생활,1580000,146420000,335
398,교육/강의,seemile Korean,1580000,110600000,1279
401,키즈/어린이,브라보키즈,1570000,1654840000,2748
403,음식/요리/레시피,승우아빠,1560000,655030000,941
402,음식/요리/레시피,파뿌리,1560000,1812720000,1693
408,TV/방송,그것이 알고싶다,1550000,582810000,854
407,회사/오피셜,미스&미스터트롯,1550000,1722280000,6019
406,음악/댄스/가수,Lemoring,1550000,1102690000,567
405,게임,뜨뜨뜨뜨,1550000,851500000,1774
404,BJ/인물/연예인,JAYKEEOUT,1550000,245140000,236
413,BJ/인물/연예인,혜리,1540000,100620000,97
412,키즈/어린이,Edu car toy school,1540000,809260000,1397
411,TV/방송,동네놈들,1540000,436540000,492
410,교육/강의,사물궁이 잡학지식,1540000,292510000,395
409,게임,대도서관TV (buzzbean11),1540000,1525830000,10458
417,음식/요리/레시피,칩chip,1530000,243250000,39
416,게임,우왁굳의 게임방송,1530000,1647460000,7828
415,키즈/어린이,헬로카봇 - hello carbot official,1530000,1488210000,1537
414,게임,태경 TV,1530000,2437960000,3135
422,미분류,곽튜브,1520000,319980000,294
420,미분류,김소형채널H,1520000,344190000,1017
419,스포츠/운동,힙으뜸,1520000,490490000,458
418,음식/요리/레시피,슈기님,1520000,641600000,1434
421,음악/댄스/가수,TJ KARAOKE TJ 노래방 공식 유튜브채널,1510000,2110610000,61619
426,키즈/어린이,키글TV - 키즈 앱・장난감,1500000,804110000,2012
425,키즈/어린이,리콩수콩RikongSukong,1500000,473070000,625
424,BJ/인물/연예인,임영웅,1500000,2007300000,657
423,음악/댄스/가수,ONEUS,1500000,401670000,703
428,음악/댄스/가수,선미 SUNMI,1490000,530530000,286
427,뉴스/정치/사회,오마이TV,1490000,1301000000,23178
432,미분류,김대석 셰프TV,1480000,293410000,756
431,음식/요리/레시피,히밥heebab,1480000,546210000,680
430,음식/요리/레시피,최고다윽박,1480000,977250000,1954
429,TV/방송,Mera,1480000,1351000000,7965
435,키즈/어린이,리틀엔젤 인기동요 어린이노래 - Little Angel,1470000,760930000,385
434,미분류,CHUNG HA_Official,1470000,520260000,335
433,음식/요리/레시피,먹어볼래TryToEat,1470000,277480000,293
442,TV/방송,오분순삭,1460000,2119090000,2720
441,영화/만화/애니,Netflix Korea 넷플릭스 코리아,1460000,567020000,2318
440,음악/댄스/가수,Chuther츄더[문에스더],1460000,258490000,206
439,영화/만화/애니,리뷰엉이: Owl's Review,1460000,440810000,519
438,패션/미용,ssin 씬님,1460000,452660000,801
437,음악/댄스/가수,GENIE MUSIC,1460000,552000000,4836
436,뉴스/정치/사회,신의한수,1460000,1136470000,8841
445,TV/방송,안구정화티비 Your Korean Friend Angoo,1450000,136980000,242
444,TV/방송,BLACKHAND,1450000,378860000,60
443,BJ/인물/연예인,요리왕비룡 Korean Food Cooking,1450000,303170000,910
449,미분류,스튜디오 와플 - STUDIO WAFFLE,1440000,424020000,292
448,TV/방송,sNack!,1440000,1276260000,2372
447,음악/댄스/가수,Apink (에이핑크),1440000,558080000,855
446,TV/방송,디스커버리 서바이벌 - Discovery Survival,1440000,556200000,995
453,미분류,tripleS official,1430000,185010000,703
452,미분류,자취요리신 simple cooking,1430000,285370000,746
451,TV/방송,it's Live,1430000,481270000,737
450,스포츠/운동,슛포러브,1430000,939030000,1049
454,TV/방송,우와한 비디오,1420000,1698510000,1844
458,음악/댄스/가수,MOVE Dance Studio,1420000,314760000,3375
460,BJ/인물/연예인,신세경 sjkuksee,1410000,58350000,41
459,음식/요리/레시피,취미로 요리하는 남자 Yonam,1410000,155510000,107
457,음식/요리/레시피,엠브로 MBRO,1410000,0,0
456,음식/요리/레시피,ARIKITCHEN (아리키친),1410000,399440000,640
455,BJ/인물/연예인,양팡 YangPang,1410000,1617500000,2834
463,음악/댄스/가수,Rock Music,1400000,772220000,9102
462,BJ/인물/연예인,급식왕,1400000,1889830000,989
461,음악/댄스/가수,K-Tigers TV,1400000,219990000,520
469,미분류,[AmiAmi]아미아미,1390000,432470000,483
468,미분류,고누리,1390000,655610000,730
467,미분류,주부나라,1390000,393180000,1234
466,음악/댄스/가수,2PM,1390000,449520000,490
465,TV/방송,놀면 뭐하니?,1390000,914690000,1258
464,패션/미용,kiu기우쌤,1390000,552060000,552
471,뉴스/정치/사회,TBS 시민의방송,1380000,1588930000,39618
470,애완/반려동물,크집사,1380000,363520000,653
472,미분류,Jimin - Topic,1370000,58630000,17
476,음악/댄스/가수,성시경 SUNG SI KYUNG,1360000,527120000,414
475,TV/방송,KBS CoolFM,1360000,734500000,12369
474,음악/댄스/가수,BEAST 비스트 (Official YouTube Channel),1360000,623690000,118
473,BJ/인물/연예인,NALU,1360000,105890000,177
478,음악/댄스/가수,지켜츄 Chuu Can Do It,1350000,169000000,195
477,IT/기술/컴퓨터,의학채널 비온뒤,1350000,420470000,9244
481,음악/댄스/가수,Prepix Dance Studio,1340000,259880000,6643
480,음식/요리/레시피,산적TV 밥굽남,1340000,344680000,681
479,TV/방송,모비딕 Mobidic,1340000,510630000,1620
487,미분류,호갱구조대,1330000,309920000,184
486,음악/댄스/가수,SEVENTEEN Japan official Youtube,1330000,276680000,122
485,TV/방송,달라스튜디오,1330000,356130000,261
484,뉴스/정치/사회,빽능 - SBS 옛날 예능,1330000,1929230000,6107
483,BJ/인물/연예인,정선호,1330000,585610000,558
482,TV/방송,Solfa,1330000,233060000,49
488,미분류,핏블리 FITVELY,1320000,596880000,1373
492,미분류,스토리,1310000,328800000,79
491,미분류,엄마의손맛,1310000,368270000,836
490,BJ/인물/연예인,철구형 (CHULTUBE),1310000,1347700000,6991
489,뉴스/정치/사회,사람사는세상노무현재단,1310000,184310000,1099
498,음악/댄스/가수,AOA,1300000,764440000,198
497,TV/방송,스튜디오 잼스터,1300000,456820000,502
496,영화/만화/애니,Tooniverse-투니버스,1300000,915130000,4123
495,BJ/인물/연예인,임다TV,1300000,556890000,1737
494,취미/라이프,Squash Clay 쪼물쪼물 클레이,1300000,269040000,493
493,게임,겜브링 GGAM BRING,1300000,1697530000,2681
507,미분류,제발돼라 PleaseBee,1290000,359460000,240
506,미분류,퍼런안경_BLAS,1290000,339310000,153
505,BJ/인물/연예인,공부왕찐천재 홍진경,1290000,205060000,198
504,영화/만화/애니,Puuung,1290000,68370000,406
503,뉴스/정치/사회,조선일보,1290000,1012040000,16610
502,게임,Partition Zion,1290000,664810000,1071
501,TV/방송,DGG,1290000,421480000,499
500,BJ/인물/연예인,장지수,1290000,502090000,954
499,애완/반려동물,정브르,1290000,684680000,1929
512,미분류,Girls On Top,1280000,299570000,21
511,미분류,요리용디 Yori Yongd,1280000,1109660000,433
510,영화/만화/애니,Hello Jadoo TV 안녕 자두야,1280000,394070000,851
509,취미/라이프,휘트니 whitney bae,1280000,329160000,313
508,TV/방송,딩고 스토리 / dingo story,1280000,353290000,416
518,미분류,RMC Sport,1270000,665090000,29260
517,미분류,7FATES: CHAKHO by HYBE,1270000,61510000,32
516,뉴스/정치/사회,SBS Radio 에라오,1270000,717890000,18850
515,음식/요리/레시피,BenDeen,1270000,212470000,580
514,키즈/어린이,Leo and Luna,1270000,277710000,576
513,게임,테스터훈 TesterHoon,1270000,1084960000,3027
525,키즈/어린이,토비아트 - TobiART,1260000,435350000,137
533,미분류,신사장,1260000,1466490000,599
524,스포츠/운동,식빵언니 김연경 Bread Unnie,1260000,87550000,94
523,음악/댄스/가수,RealVIXX,1260000,414950000,798
522,교육/강의,법륜스님의 즉문즉설,1260000,816050000,1967
521,뉴스/정치/사회,비디오머그 - VIDEOMUG,1260000,2170820000,6830
520,패션/미용,회사원A,1260000,473450000,706
519,취미/라이프,탱구TV,1260000,49230000,27
534,키즈/어린이,베베핀 Bebefinn - 키즈 인기 동요,1250000,345200000,237
532,BJ/인물/연예인,헌터퐝,1250000,380520000,433
531,음악/댄스/가수,MUPLY 뮤플리,1250000,426670000,802
530,뉴스/정치/사회,연합뉴스TV,1250000,1727220000,461533
529,음식/요리/레시피,우리의식탁 W TABLE,1250000,107700000,496
528,BJ/인물/연예인,ondo온도,1250000,134920000,263
527,영화/만화/애니,달빛뮤즈,1250000,336940000,589
526,음식/요리/레시피,가르마[GARMA],1250000,429330000,1402
536,음악/댄스/가수,DaftTaengk,1240000,509030000,4885
535,취미/라이프,Kim Miso,1240000,109370000,467
544,주식/경제/부동산,미래에셋 스마트머니,1230000,145920000,2731
543,미분류,함께해요 맛나요리,1230000,385080000,928
542,회사/오피셜,SM C&C STUDIO,1230000,229520000,1480
541,영화/만화/애니,뭅뭅,1230000,430400000,3167
540,국내/해외/여행,Rirang OnAir,1230000,191090000,248
539,키즈/어린이,브레드이발소,1230000,678880000,1125
538,게임,악어 유튜브,1230000,1595400000,7651
537,BJ/인물/연예인,박막례 할머니 Korea_Grandma,1230000,472050000,535
551,TV/방송,걍밍경,1220000,134730000,82
550,TV/방송,Coreaníssima 엘레나,1220000,93710000,251
549,패션/미용,lamuqe,1220000,124180000,295
548,뉴스/정치/사회,딴지방송국,1220000,321280000,846
547,음악/댄스/가수,SUPER SOUND Bugs!,1220000,827650000,4026
546,음악/댄스/가수,Official A.C.E,1220000,183760000,597
545,TV/방송,피키픽처스 Piki Pictures,1220000,549920000,1161
554,미분류,굿라이프,1210000,208930000,2137
553,음식/요리/레시피,DICKHUNTER딕헌터🌶,1210000,350150000,458
552,애완/반려동물,haha ha,1210000,481950000,599
559,음식/요리/레시피,수빙수tv sooBingsoo,1200000,460850000,417
558,음악/댄스/가수,MORE THAN YOUTH,1200000,332140000,917
557,TV/방송,티캐스트 tcast,1200000,1266350000,8480
556,TV/방송,CJ ENM,1200000,1802290000,15114
555,취미/라이프,Bandung Oppa 반둥오빠,1200000,117790000,533
564,키즈/어린이,나나의인형놀이 Nana'sDollPlay,1190000,408510000,205
563,미분류,키즐 kizzle,1190000,361820000,343
562,TV/방송,eaJ,1190000,44300000,17
561,취미/라이프,집꾸미기,1190000,160660000,392
560,BJ/인물/연예인,수상한녀석들,1190000,265010000,172
570,미분류,지식한입,1180000,133240000,140
569,뉴스/정치/사회,KBS 교양,1180000,983710000,69947
568,BJ/인물/연예인,Lia Kim,1180000,69190000,60
567,BJ/인물/연예인,사나이 김기훈,1180000,814600000,896
566,BJ/인물/연예인,강유미 yumi kang좋아서 하는 채널,1180000,511360000,468
565,영화/만화/애니,B Man 삐맨,1180000,679490000,708
580,미분류,Tennis TV,1170000,1243380000,7042
579,미분류,보다 BODA,1170000,619170000,852
578,주식/경제/부동산,[삼성증권] Samsung POP,1170000,145130000,2419
577,TV/방송,KBS 같이삽시다,1170000,689000000,6387
576,TV/방송,KBS 1라디오,1170000,663780000,19947
575,TV/방송,준우,1170000,538310000,418
574,뉴스/정치/사회,배승희 변호사,1170000,293550000,674
573,키즈/어린이,마시따 MASITTA,1170000,740830000,244
572,음식/요리/레시피,스윗더미 . Sweet The MI,1170000,118980000,318
571,BJ/인물/연예인,Cheri Hyeri 체리 혜리,1170000,171970000,459
585,TV/방송,KBS동물티비 : 애니멀포유 animal4u,1160000,1007290000,3283
584,뉴스/정치/사회,신인균의 국방TV,1160000,791490000,2699
583,패션/미용,다또아Daddoa,1160000,94310000,190
582,미분류,빠더너스 BDNS,1160000,412940000,658
581,취미/라이프,rappeler하쁠리,1160000,510790000,956
588,키즈/어린이,요올리Yoli,1150000,500330000,567
587,음악/댄스/가수,KIM HYUN JOONG.official,1150000,178470000,517
586,키즈/어린이,프리티에스더 PrettyEsther,1150000,646120000,746
601,키즈/어린이,Paint Jelly,1140000,955880000,213
600,키즈/어린이,Jelly Pong,1140000,148650000,6
599,미분류,양장금주부,1140000,295640000,808
598,미분류,짧은대본 ShortPaper,1140000,507420000,321
597,음식/요리/레시피,야식이,1140000,457820000,1457
596,TV/방송,옛능 : MBC 옛날 예능 다시보기,1140000,1982620000,3285
595,영화/만화/애니,PLAYY ANI 플레이애니,1140000,502290000,787
594,TV/방송,SK telecom,1140000,963300000,2380
593,BJ/인물/연예인,Godtuk 턱형,1140000,424420000,505
592,키즈/어린이,Minicar Story 미니카 스토리,1140000,685280000,1860
591,키즈/어린이,퍼플 토이박스(Purple Toy Box),1140000,705330000,1457
590,패션/미용,LeoJ Makeup,1140000,248560000,348
589,음식/요리/레시피,야식이,1140000,457820000,1457
608,키즈/어린이,Boing Boing Kids,1130000,326300000,7
607,음악/댄스/가수,강다니엘 KANGDANIEL,1130000,202330000,183
606,BJ/인물/연예인,상해기SangHyuk,1130000,345480000,661
605,음악/댄스/가수,CLC 씨엘씨 (Official YouTube Channel),1130000,275930000,188
604,키즈/어린이,Toystar TV,1130000,508480000,99
603,회사/오피셜,KB국민카드,1130000,221750000,600
602,음식/요리/레시피,애주가TV참PD,1130000,620250000,1333
613,BJ/인물/연예인,크리스 [구 소련여자],1120000,190740000,151
612,TV/방송,z a m,1120000,780600000,2978
611,게임,코너Korner,1120000,887070000,915
610,영화/만화/애니,드림텔러(DreamTeller),1120000,188900000,190
609,국내/해외/여행,코이티비 KOITV,1120000,933860000,1753
618,미분류,Bravo jamoasi,1110000,265910000,141
617,해외,ZeeKay Junior,1110000,1050950000,1168
616,영화/만화/애니,DAZBEE official,1110000,479600000,174
615,취미/라이프,제이제이살롱드핏,1110000,282720000,675
614,음식/요리/레시피,채널주인 부재중,1110000,1115250000,1706
624,키즈/어린이,키글 토이 - 키즈 장난감,1100000,595590000,1215
623,영화/만화/애니,WatchcarTV,1100000,542570000,201
622,뉴스/정치/사회,Newstapa,1100000,352260000,4180
621,음악/댄스/가수,Official fromis_9,1100000,472920000,807
620,영화/만화/애니,신비아파트 공식채널 - Shinbi House,1100000,761750000,1982
619,IT/기술/컴퓨터,오빠두엑셀 l 엑셀 강의 대표채널,1100000,77540000,543
640,키즈/어린이,해피팸(Happy family),1090000,57540000,133
639,미분류,KCON official,1090000,285040000,4311
638,미분류,할명수,1090000,215620000,261
637,해외,Variety,1090000,504660000,5063
636,키즈/어린이,주니토니 동요동화 - 키즈캐슬,1090000,969350000,941
635,키즈/어린이,woojoo우주,1090000,361000000,85
634,게임,유키 YOUKI,1090000,270410000,1013
633,음악/댄스/가수,PLEDIS ENTERTAINMENT,1090000,287370000,260
632,음악/댄스/가수,CNBLUE (씨엔블루),1090000,256620000,215
631,TV/방송,Dingo K-Drama,1090000,212860000,411
630,패션/미용,써니채널 Sunny's Channel,1090000,110860000,201
629,뉴스/정치/사회,엠빅뉴스,1090000,2577230000,5681
628,게임,재넌Jaenune,1090000,683910000,1141
627,게임,기리TV,1090000,1288860000,2777
626,키즈/어린이,뚜아뚜지TV,1090000,749930000,1796
625,TV/방송,이슈텔러 issueTeller,1090000,520520000,769
649,미분류,하음쿠킹 Haeum Cooking,1080000,180570000,76
648,해외,TNT,1080000,696270000,4809
647,TV/방송,유병재,1080000,248500000,217
646,게임,돼지저금통,1080000,1816190000,4446
645,음악/댄스/가수,UPVOTE Entertainment,1080000,271460000,1382
644,취미/라이프,효기심,1080000,131720000,153
643,키즈/어린이,토깽이네,1080000,1329890000,1824
642,BJ/인물/연예인,긱블 Geekble,1080000,413270000,525
641,뉴스/정치/사회,[팟빵] 매불쇼,1080000,501950000,1454
654,미분류,정선근 TV,1070000,52510000,139
653,미분류,집밥 korean home cooking,1070000,452030000,1385
652,뉴스/정치/사회,MBC 라디오 시사,1070000,691620000,14118
651,음식/요리/레시피,입질의추억TV jiminTV,1070000,441430000,600
650,BJ/인물/연예인,유준호,1070000,530090000,1401
659,미분류,Louis Vuitton,1060000,486460000,511
658,미분류,이리오너라,1060000,125540000,1922
657,미분류,주둥이방송,1060000,541170000,1780
656,패션/미용,안다 ANDA,1060000,110830000,253
655,키즈/어린이,마이린 TV,1060000,849030000,2628
665,미분류,알간지Alganzi,1050000,179830000,446
664,음식/요리/레시피,고기남자 MeatMan,1050000,203340000,118
663,음악/댄스/가수,MUSIC&NEW 뮤직앤뉴,1050000,1219160000,9235
662,TV/방송,fantagio 판타지오,1050000,330990000,285
661,TV/방송,V LIVE,1050000,637300000,2821
660,뉴스/정치/사회,한국경제TV,1050000,276780000,31795
675,미분류,랄로,1040000,530190000,440
674,게임,괴물쥐 유튜브,1040000,1036600000,1349
673,미분류,연스커플 Yeon's Couple,1040000,254340000,362
672,미분류,토모토모TomoTomo,1040000,222660000,197
671,미분류,꽉잡아윤기-Kwakyoongy,1040000,269140000,709
670,영화/만화/애니,DinoCore TUBA,1040000,747280000,861
669,음악/댄스/가수,라이징 보이스 | RISING VOICE,1040000,541500000,4279
668,게임,쁘허,1040000,444440000,1274
667,TV/방송,딩고 스튜디오 / dingo studio,1040000,397140000,866
666,게임,릴카,1040000,456450000,1064
682,키즈/어린이,POYO Music Official,1030000,835900000,1712
681,TV/방송,뻑가 PPKKa,1030000,911880000,1009
680,TV/방송,sankokesl,1030000,9470000,116
679,뉴스/정치/사회,서울의소리 Voice of Seoul,1030000,857680000,16582
678,키즈/어린이,Action Story 액션 스토리,1030000,500160000,1828
677,교육/강의,닥터프렌즈,1030000,253220000,847
676,게임,잉여맨 유튜브,1030000,1095490000,2728
693,미분류,Family Kim 패밀리김,1020000,189630000,291
692,미분류,랄랄ralral,1020000,355530000,659
691,BJ/인물/연예인,하하 PD HAHA PD,1020000,111720000,252
690,미분류,KBS 레전드 케이팝,1020000,881510000,15808
683,미분류,웅이woongei,1020000,414260000,591
689,음악/댄스/가수,OH MY GIRL,1020000,611270000,425
688,음악/댄스/가수,MBC every1,1020000,1323320000,19489
687,주식/경제/부동산,부읽남TV_내집마련부터건물주까지,1020000,166010000,1306
686,음식/요리/레시피,맛있는 녀석들 (Tasty Guys),1020000,1341750000,4526
685,BJ/인물/연예인,Sibong 시봉,1020000,64730000,869
684,게임,램램TV,1020000,965360000,2766
705,키즈/어린이,Bus Car Story 버스카 스토리,1010000,490740000,377
704,키즈/어린이,Toy box,1010000,192620000,391
703,미분류,싱글벙글,1010000,665760000,222
702,미분류,유우키의 일본이야기 YUUKI,1010000,283730000,270
701,미분류,육식맨 YOOXICMAN,1010000,234740000,199
700,미분류,채꾸똥꾸 (Cherry & Dong),1010000,375480000,335
699,자동차,김한용의 MOCAR,1010000,581320000,1998
698,뉴스/정치/사회,CBS 김현정의 뉴스쇼,1010000,566730000,14237
697,자동차,우파푸른하늘Woopa TV,1010000,623810000,1817
696,게임,텔론,1010000,1145250000,4311
695,BJ/인물/연예인,U.M.A.우마,1010000,267030000,147
694,애완/반려동물,소녀의행성 Girlsplanet,1010000,412980000,562
715,미분류,김창옥TV,1000000,158900000,410
714,미분류,이재성 박사의 식탁보감,1000000,110130000,373
713,미분류,KPOP JAMM,1000000,367600000,1743
712,미분류,정찬성 Korean Zombie,1000000,302710000,292
711,키즈/어린이,Robot Trains official,1000000,754140000,744
710,TV/방송,Kyunghamin твоя корейская онни,1000000,124720000,424
709,교육/강의,공부의신 강성태,1000000,317120000,2855
708,BJ/인물/연예인,내가조우남,1000000,447090000,1225
707,스포츠/운동,말왕TV,1000000,390210000,996
706,패션/미용,디렉터 파이,1000000,161980000,369
717,키즈/어린이,TOMONCAR,990000,559350000,443
716,미분류,[ASMR]nara_나라,990000,178080000,344
719,TV/방송,뉴스엔·NewsenTV,990000,380690000,14025
718,TV/방송,바바요 by iHQ,990000,763480000,7430
722,교육/강의,친절한 대학,990000,107270000,769
721,음악/댄스/가수,The VOL (The Value of Labor),990000,10000,7
720,게임,킴성태TV,990000,836160000,2012
726,키즈/어린이,로보카폴리 TV,990000,637700000,1579
724,미분류,시니어전성시대,990000,191640000,441
723,TV/방송,밍꼬발랄Mingggo,990000,1467970000,851
725,미분류,[윤이련]50년 요리비결,990000,315110000,503
728,음악/댄스/가수,H1GHR MUSIC,980000,312020000,642
727,TV/방송,YG TREASURE BOX,980000,300230000,496
731,미분류,TVCHOSUN JOY,980000,719740000,3154
730,음악/댄스/가수,SF9,980000,111520000,501
729,BJ/인물/연예인,슛뚜sueddu,980000,55530000,248
732,음식/요리/레시피,삼대장 Samdaejang,980000,627680000,1428
733,게임,T1,980000,326350000,2803
735,키즈/어린이,판타스틱  패밀리,980000,173100000,7
734,키즈/어린이,JoyKids,980000,570010000,270
736,미분류,deemd 딤디,980000,122390000,205
737,TV/방송,덕출 : DCTVGO,970000,396180000,714
743,미분류,이영지,970000,145950000,43
739,뉴스/정치/사회,MTN 머니투데이방송,970000,1260700000,70280
738,음식/요리/레시피,얌무YAMMoo,960000,200400000,565
742,미분류,꼰대희,960000,318600000,320
741,미분류,PREMIUM DANCE STUDIO,960000,302780000,2037
740,게임,Charming Jo 조매력,960000,363040000,1526
744,게임,범석TV,960000,728630000,1820
745,미분류,조여사전성시대,960000,253540000,713
746,미분류,셜록현준,950000,80660000,133
747,미분류,집나간아들 Runaway Son,950000,438570000,899
749,키즈/어린이,드래곤디🎵 | 키즈 율동 동요,950000,765820000,1153
748,취미/라이프,츄팝,950000,468290000,478
751,미분류,뜬뜬 DdeunDdeun,950000,82770000,81
750,취미/라이프,ColorMonsters Toy,950000,548440000,1040
752,미분류,FIFTY FIFTY Official,950000,168530000,98
753,BJ/인물/연예인,소근부부 S.K.Couple,950000,381100000,490
754,키즈/어린이,신나TV,950000,20190000,4
758,미분류,과학드림 [Science Dream],950000,193100000,145
757,패션/미용,Saerom Min개코의 오픈스튜디오,950000,152850000,246
756,게임,GCL 지씨엘,950000,314230000,393
755,게임,탁주 TV,950000,2314900000,2607
759,미분류,메리니즈부엌Meliniskitchen,940000,180370000,231
761,미분류,너 진짜 똑똑하다,940000,71080000,156
760,게임,액션홍구,940000,653490000,3301
763,미분류,무니키친MoonyKitchen,940000,122250000,409
762,음악/댄스/가수,ALiEN,940000,209730000,344
764,TV/방송,MAXIM KOREA,940000,260370000,1281
767,미분류,1분만,940000,539260000,926
768,미분류,차미툰,940000,415130000,642
766,TV/방송,KBS Joy,940000,1872230000,15093
765,TV/방송,Zaty Farhani,940000,1189640000,2615
770,미분류,CBS Sports Golazo,930000,694650000,3680
769,음악/댄스/가수,PARK JIHOON Official,930000,65340000,327
773,TV/방송,배꼽빌라,930000,386050000,648
772,음악/댄스/가수,LJ Dance,930000,165050000,2804
771,게임,Dorami,930000,240970000,1211
774,미분류,VOGUE Taiwan,930000,313660000,7330
775,교육/강의,라이브 아카데미,920000,97090000,1103
776,TV/방송,이라이라경 ravely,920000,445690000,586
777,애완/반려동물,냥이아빠,920000,412470000,713
778,미분류,노빠꾸탁재훈,920000,98970000,66
781,미분류,밀라논나 Milanonna,920000,79150000,109
780,음악/댄스/가수,장범준,920000,545640000,504
779,BJ/인물/연예인,성수커플 - S.S Couple,920000,0,0
783,미분류,샾잉 #ing,920000,2705820000,19058
782,교육/강의,법륜스님의 희망세상만들기,920000,459340000,930
785,음식/요리/레시피,허미노MINO,920000,391220000,2037
786,국내/해외/여행,EBS 컬렉션 - 라이프스타일,910000,607120000,3592
784,영화/만화/애니,구불,910000,319190000,322
789,미분류,지식해적단,910000,111310000,160
788,뉴스/정치/사회,채널A 뉴스TOP10,910000,842620000,20994
787,게임,김왼팔,910000,704210000,2761
790,영화/만화/애니,어퍼컷Tube,910000,223860000,245
791,BJ/인물/연예인,띠미 ddimmi,910000,462480000,944
793,미분류,달리 [SBS 교양 공식채널],910000,398890000,619
792,음식/요리/레시피,the BOB studio | 더 밥 스튜디오,910000,213400000,1109
795,키즈/어린이,베이비버스 장난감 친구들!,910000,339190000,355
794,음악/댄스/가수,wondergirls,910000,510940000,217
796,미분류,건나물TV,900000,395350000,719
798,음식/요리/레시피,소프,900000,362660000,1573
797,애완/반려동물,다흑,900000,638600000,2826
799,미분류,오늘의 주우재,900000,133320000,324
802,미분류,썰레임 Ssuleim,900000,366010000,127
801,TV/방송,히스토리,900000,657610000,2447
800,영화/만화/애니,토킹톰앤프렌즈,900000,350440000,323
803,TV/방송,TongTongCulture,900000,656420000,12588
804,키즈/어린이,호기! 핑크퐁 - 놀면서 배워요,900000,534520000,1017
812,TV/방송,별놈들,900000,450190000,748
805,미분류,미션 파서블,900000,163680000,211
806,키즈/어린이,메카드 - MECARD OFFICIAL,890000,764010000,1525
809,미분류,leeminho film,890000,15980000,21
808,영화/만화/애니,STUDIO LICO,890000,145900000,274
807,국내/해외/여행,Sophie Kim _하은,890000,29480000,122
810,음악/댄스/가수,missA,890000,420950000,49
811,영화/만화/애니,람다람 RAMDARAM,890000,124430000,132
813,취미/라이프,Dana ASMR,890000,314750000,255
814,음악/댄스/가수,PianiCast - 피아니캐스트,880000,278670000,111
815,TV/방송,Megan Moon,880000,150070000,555
817,음악/댄스/가수,Healing Meditation,880000,118870000,386
816,취미/라이프,Soy ASMR,880000,195370000,589
819,키즈/어린이,Boram Tube Friends,880000,7360000,73
820,키즈/어린이,고고다이노,880000,706110000,1015
818,TV/방송,하나키키 Hanakiki,880000,358900000,859
821,미분류,815머니톡,880000,343800000,5942
822,미분류,과나gwana,880000,221340000,158
823,BJ/인물/연예인,남순 NS,870000,966400000,3663
824,키즈/어린이,롤롤라임[lollolraim],870000,117310000,212
825,음악/댄스/가수,HYOLYN 효린,870000,270210000,229
827,뉴스/정치/사회,스브스뉴스 SUBUSUNEWS,870000,1146100000,3538
826,IT/기술/컴퓨터,1분과학,870000,87900000,72
828,TV/방송,KBS Entertain: 깔깔티비,870000,1466760000,6795
829,게임,군림보,870000,738210000,5377
831,미분류,TAEYONG,860000,11730000,17
830,교육/강의,미미미누,860000,374090000,779
837,미분류,BIBI,860000,284910000,53
834,미분류,BRUSH,860000,402750000,434
833,TV/방송,타임스낵,860000,309750000,302
832,BJ/인물/연예인,(MUTUBE)와꾸대장봉준,860000,934940000,7781
836,미분류,복지마블TV [Welfare Marble],860000,121090000,573
835,뉴스/정치/사회,전옥현 안보정론TV,860000,232730000,2583
841,미분류,CU [씨유튜브],860000,220530000,573
840,미분류,직업의모든것,860000,385000000,391
839,패션/미용,윤쨔미 YoonCharmi,860000,243960000,362
838,영화/만화/애니,빨강도깨비,860000,358170000,346
844,음악/댄스/가수,HOLLAND,860000,32300000,38
843,게임,머독방송,860000,963200000,11802
842,음식/요리/레시피,서담 seodam,860000,188210000,412
845,뉴스/정치/사회,고성국TV,860000,207680000,2831
846,취미/라이프,이연LEEYEON,850000,72600000,278
848,게임,울산큰고래 박성주,850000,733460000,3623
847,취미/라이프,희철리즘Heechulism,850000,216590000,333
849,TV/방송,김달,850000,355440000,844
850,BJ/인물/연예인,풍자테레비,850000,340980000,1357
851,키즈/어린이,우가놀이 WOOGA play,840000,368620000,411
852,TV/방송,라이프타임,840000,355000000,2028
854,음악/댄스/가수,HEADLINER,840000,220830000,204
853,미분류,랭킹스쿨,840000,551030000,935
861,미분류,에버랜드 - EVERLAND,840000,301480000,2470
856,미분류,지피티,840000,302380000,998
855,뉴스/정치/사회,팩트TV NEWS,840000,251970000,5945
858,뉴스/정치/사회,성제준,840000,381550000,2062
857,취미/라이프,달려라치킨 Dalchi,840000,222650000,664
859,패션/미용,Jella젤라,840000,70670000,252
860,음악/댄스/가수,OFFICIAL EPIK HIGH,840000,402310000,259
865,미분류,Cookie Run: Kingdom,830000,103450000,276
864,키즈/어린이,LarvaKIDS TUBA,830000,608370000,528
863,미분류,집나간햄지 Wandering Hamzy,830000,64040000,123
862,TV/방송,김이브님 [kim eve],830000,635600000,2836
866,미분류,ROKSEAL,830000,142990000,208
870,미분류,진정부부,830000,351610000,325
869,뉴스/정치/사회,여수MBC Music+(Kpop&Trot),830000,520370000,15895
868,음악/댄스/가수,TSENT2008,830000,394640000,445
867,패션/미용,UNA 유나,830000,74190000,186
871,음식/요리/레시피,뽐뽐뽐,830000,85060000,300
872,음악/댄스/가수,• m i n a m o c h i •,830000,361050000,102
875,키즈/어린이,Enjoy Toys Shin,820000,367100000,246
874,미분류,빵먹다살찐떡,820000,945390000,592
873,미분류,임한올 Hanol Rim,820000,119090000,169
876,음악/댄스/가수,VICTON 빅톤,820000,237850000,967
877,교육/강의,동심파괴,820000,345180000,643
878,TV/방송,smile -wA-,820000,515390000,5417
886,게임,LCK,820000,994280000,6907
879,게임,테드TV,820000,840890000,2719
884,키즈/어린이,버섯도리,820000,1099710000,914
881,키즈/어린이,PinkFongFongToys [핑크퐁퐁토이즈],820000,16440000,26
880,뉴스/정치/사회,가로세로연구소,820000,21840000,358
882,키즈/어린이,ToyCheff,820000,402610000,467
885,미분류,교양만두,810000,250040000,231
883,게임,연다,810000,638590000,2367
893,미분류,코믹마트,810000,525760000,775
887,애완/반려동물,속삭이는몽자,810000,232380000,547
888,게임,마재TV,810000,565630000,3546
890,뉴스/정치/사회,이봉규TV,810000,508590000,7207
889,취미/라이프,Mimine Miniature 미미네 미니어처,810000,168830000,169
891,음악/댄스/가수,Jenny Yun,810000,127830000,574
894,미분류,Jin & Juice,810000,189380000,295
892,미분류,천재견 사월이sawol,810000,216130000,197
898,미분류,VIVINOS,810000,105950000,49
899,미분류,유 퀴즈 온 더 튜브,810000,485260000,4197
897,TV/방송,트래블튜브,810000,672600000,1403
896,TV/방송,스튜디오 룰루랄라 디랩 - SLLDLAB,810000,335070000,1306
895,음식/요리/레시피,영자씨의 부엌Young-Ja's Kitchen,810000,242260000,1472
900,IT/기술/컴퓨터,안될과학 Unrealscience,810000,114990000,703
901,TV/방송,디스패치 / Dispatch,800000,171380000,8810
903,TV/방송,코미꼬,800000,291740000,638
902,패션/미용,areumsongee아름송이,800000,75740000,245
904,미분류,쿡피아 Cookpia,800000,143360000,252
905,미분류,청정구역,800000,400510000,954
908,미분류,ZICO,800000,385070000,135
907,미분류,TOP MEDIA,800000,226670000,546
906,TV/방송,찬우살이,800000,33340000,195
909,뉴스/정치/사회,연합뉴스 Yonhapnews,800000,2180170000,35919
911,게임,밍모,800000,602940000,2445
910,미분류,DAWN,800000,68240000,46
913,취미/라이프,공구왕황부장,800000,226160000,610
912,음악/댄스/가수,DKDKTV,790000,206340000,1408
914,미분류,TVING,790000,1212330000,6617
916,미분류,TNX,790000,65480000,300
920,미분류,프응TV,790000,241780000,260
915,게임,김성회의 G식백과,790000,222110000,390
917,뉴스/정치/사회,펜앤드마이크TV,790000,602240000,13512
919,미분류,깨방정,790000,337940000,456
918,BJ/인물/연예인,쿠쿠크루 - Cuckoo Crew,790000,545810000,876
921,게임,수탉,790000,467690000,1634
924,미분류,조나단,790000,129050000,187
923,패션/미용,Heejoo 희주,790000,21710000,114
922,키즈/어린이,Ace Art 에이스 아트,790000,403270000,857
925,키즈/어린이,로봇알포 ARPO The Robot,790000,302790000,569
926,음악/댄스/가수,CL,780000,64930000,5
928,TV/방송,핫소스,780000,46630000,24
927,영화/만화/애니,Sechi,780000,288360000,374
929,미분류,sissel,780000,30360000,231
930,음악/댄스/가수,BRANDNEW MUSIC,780000,399520000,1449
932,TV/방송,tweety 트위티,780000,142880000,257
931,뉴스/정치/사회,[공식] 새날,780000,642330000,8141
936,미분류,논리왕 전기,770000,123510000,108
935,뉴스/정치/사회,이재명,770000,163210000,2129
934,음식/요리/레시피,키미 Kimi,770000,54610000,75
933,애완/반려동물,솜이네 곰이탱이여우,770000,509230000,1706
938,스포츠/운동,JK 아트사커 온라인,770000,546460000,660
941,미분류,나몰라패밀리 핫쇼,770000,287120000,504
940,미분류,Yummy Waffle 야미와플,770000,908810000,399
939,TV/방송,LDF TV by lottedutyfree,770000,639370000,1476
943,TV/방송,하루 1분,770000,31720000,324
942,영화/만화/애니,UTZI웃지,770000,6500000,13
945,주식/경제/부동산,전인구경제연구소,770000,101550000,941
944,주식/경제/부동산,E트렌드,770000,147830000,2974
946,미분류,놀면서 배우는 심리학,770000,97280000,378
950,뉴스/정치/사회,MBC PD수첩,770000,341350000,2427
937,BJ/인물/연예인,SUNBA선바,770000,1250110000,2759
948,미분류,123 GO! Korean,770000,301510000,473
947,취미/라이프,예뿍이의 작업방Yeppug,770000,221590000,719
951,TV/방송,KBS역사저널 그날,770000,319620000,3203
952,키즈/어린이,조이퐁 JOYPONG,770000,295530000,588
949,키즈/어린이,리틀조이 LittleJoy,770000,220890000,167
955,미분류,옆집언니 최실장 stylist unnie,760000,132560000,622
953,미분류,춤추는곰돌,760000,551240000,3254
956,미분류,JUNTV,760000,65810000,302
954,음악/댄스/가수,MBC WORLD,760000,598910000,4756
957,취미/라이프,Ouvir 오비르,750000,156470000,233
958,교육/강의,입시덕후,750000,525970000,668
960,미분류,어썸코리아,750000,569470000,1167
959,TV/방송,제이제이,750000,256200000,688
961,게임,두치와뿌꾸,750000,1479270000,14024
963,미분류,카카오프렌즈 KAKAO FRIENDS,750000,568860000,518
962,패션/미용,아옳이,750000,93160000,129
964,키즈/어린이,Troom Troom Kr,750000,500840000,2463
965,음악/댄스/가수,HyunA 현아 (Official YouTube Channel),750000,113210000,10
968,키즈/어린이,ZombieDumb,750000,379010000,670
967,BJ/인물/연예인,StimBoy스팀보이,750000,352740000,614
973,미분류,드립팩토리 [Dlib Factory],750000,364890000,399
969,미분류,빅페이스 BIGFACE,750000,170100000,134
966,TV/방송,STUDIO DIA 스튜디오 다이아,750000,211540000,537
972,TV/방송,매미킴 TV,740000,302110000,443
971,TV/방송,MBC 미스터리 : 심야괴담회 X 서프라이즈,740000,400910000,2739
970,패션/미용,한별Hanbyul,740000,148000000,331
975,미분류,하알라,740000,247830000,339
979,미분류,Everton Football Club,740000,240170000,3184
974,뉴스/정치/사회,뉴스데일리베스트,740000,230770000,2693
978,키즈/어린이,뽀로로 타요 장난감 놀이교실,740000,512240000,946
977,음식/요리/레시피,인아짱 Inah Eats,740000,182710000,1168
976,키즈/어린이,애니한TV AnnieHanTV,740000,836790000,1752
981,미분류,빵빵이의 일상,740000,214100000,42
980,교육/강의,BLACK DOOR,740000,121270000,635
983,미분류,바라던 바다,740000,383180000,519
982,뉴스/정치/사회,국방TV,740000,776160000,12736
984,주식/경제/부동산,단희TV,740000,105020000,1434
986,미분류,[에일리 OFFICIAL] aileemusic,740000,186010000,196
985,취미/라이프,김나영의 nofilterTV,740000,185240000,465
988,미분류,정라레_Lifestyle Doctor,740000,130960000,499
987,TV/방송,POWER MOVIE,740000,260230000,222
993,키즈/어린이,프랭키 키즈 TV LET'S PLAY FRANKY !,740000,367260000,292
992,키즈/어린이,JOYJOY KIDS[조이조이키즈],740000,190360000,118
991,미분류,SMP FLOOR,740000,112330000,259
990,미분류,음뫄 핫소스,740000,293730000,243
1000,미분류,빨간내복야코,740000,512830000,247
995,미분류,버미쌤,740000,191700000,324
989,음악/댄스/가수,임창정,740000,315680000,432
994,교육/강의,Conversational Korean,740000,32660000,411
997,미분류,푸먹_foomuk,730000,385590000,58
996,미분류,김지윤의 지식Play,730000,59390000,187
1002,미분류,성창경TV,730000,1039150000,16398
1001,TV/방송,KBS여행 걸어서 세계속으로,730000,275970000,10964
